process_id,product_id,stage,status,started_at,completed_at,duration_ms,records_processed,confidence,message
PROC-PROD-01-UPLOAD,PROD-01,UPLOAD,COMPLETED,2026-08-22T08:25:42.660125,2026-08-22T08:25:43.660125,1000,1,98,Successfully ran UPLOAD
PROC-PROD-01-DOCUMENT_ANALYSIS,PROD-01,DOCUMENT_ANALYSIS,COMPLETED,2026-08-22T08:25:42.660125,2026-08-22T08:25:43.660125,1000,1,98,Successfully ran DOCUMENT_ANALYSIS
PROC-PROD-01-EXTRACT,PROD-01,EXTRACT,COMPLETED,2026-08-22T08:25:42.660125,2026-08-22T08:25:43.660125,1000,1,98,Successfully ran EXTRACT
PROC-PROD-01-UNDERSTAND,PROD-01,UNDERSTAND,COMPLETED,2026-08-22T08:25:42.660125,2026-08-22T08:25:43.660125,1000,1,98,Successfully ran UNDERSTAND
PROC-PROD-01-NORMALIZE,PROD-01,NORMALIZE,COMPLETED,2026-08-22T08:25:42.660125,2026-08-22T08:25:43.660125,1000,1,98,Successfully ran NORMALIZE
PROC-PROD-01-TAXONOMY,PROD-01,TAXONOMY,COMPLETED,2026-08-22T08:25:42.660125,2026-08-22T08:25:43.660125,1000,1,98,Successfully ran TAXONOMY
PROC-PROD-01-COMPLIANCE,PROD-01,COMPLIANCE,COMPLETED,2026-08-22T08:25:42.660125,2026-08-22T08:25:43.660125,1000,1,98,Successfully ran COMPLIANCE
PROC-PROD-01-VALIDATION,PROD-01,VALIDATION,COMPLETED,2026-08-22T08:25:42.660125,2026-08-22T08:25:43.660125,1000,1,98,Successfully ran VALIDATION
PROC-PROD-01-PRODUCT_MATCHING,PROD-01,PRODUCT_MATCHING,COMPLETED,2026-08-22T08:25:42.660125,2026-08-22T08:25:43.660125,1000,1,98,Successfully ran PRODUCT_MATCHING
PROC-PROD-01-TRACEABILITY,PROD-01,TRACEABILITY,COMPLETED,2026-08-22T08:25:42.660125,2026-08-22T08:25:43.660125,1000,1,98,Successfully ran TRACEABILITY
PROC-PROD-01-INSIGHTS,PROD-01,INSIGHTS,COMPLETED,2026-08-22T08:25:42.660125,2026-08-22T08:25:43.660125,1000,1,98,Successfully ran INSIGHTS
PROC-PROD-01-HUMAN_REVIEW,PROD-01,HUMAN_REVIEW,COMPLETED,2026-08-22T08:25:42.660125,2026-08-22T08:25:43.660125,1000,1,98,Successfully ran HUMAN_REVIEW
PROC-PROD-01-GENERATE_RECORD,PROD-01,GENERATE_RECORD,COMPLETED,2026-08-22T08:25:42.660125,2026-08-22T08:25:43.660125,1000,1,98,Successfully ran GENERATE_RECORD
PROC-PROD-02-UPLOAD,PROD-02,UPLOAD,COMPLETED,2026-08-22T08:25:42.660125,2026-08-22T08:25:43.660125,1000,1,98,Successfully ran UPLOAD
PROC-PROD-02-DOCUMENT_ANALYSIS,PROD-02,DOCUMENT_ANALYSIS,COMPLETED,2026-08-22T08:25:42.660125,2026-08-22T08:25:43.660125,1000,1,98,Successfully ran DOCUMENT_ANALYSIS
PROC-PROD-02-EXTRACT,PROD-02,EXTRACT,COMPLETED,2026-08-22T08:25:42.660125,2026-08-22T08:25:43.660125,1000,1,98,Successfully ran EXTRACT
PROC-PROD-02-UNDERSTAND,PROD-02,UNDERSTAND,COMPLETED,2026-08-22T08:25:42.660125,2026-08-22T08:25:43.660125,1000,1,98,Successfully ran UNDERSTAND
PROC-PROD-02-NORMALIZE,PROD-02,NORMALIZE,COMPLETED,2026-08-22T08:25:42.660125,2026-08-22T08:25:43.660125,1000,1,98,Successfully ran NORMALIZE
PROC-PROD-02-TAXONOMY,PROD-02,TAXONOMY,COMPLETED,2026-08-22T08:25:42.660125,2026-08-22T08:25:43.660125,1000,1,98,Successfully ran TAXONOMY
PROC-PROD-02-COMPLIANCE,PROD-02,COMPLIANCE,COMPLETED,2026-08-22T08:25:42.660125,2026-08-22T08:25:43.660125,1000,1,98,Successfully ran COMPLIANCE
PROC-PROD-02-VALIDATION,PROD-02,VALIDATION,COMPLETED,2026-08-22T08:25:42.660125,2026-08-22T08:25:43.660125,1000,1,98,Successfully ran VALIDATION
PROC-PROD-02-PRODUCT_MATCHING,PROD-02,PRODUCT_MATCHING,COMPLETED,2026-08-22T08:25:42.660125,2026-08-22T08:25:43.660125,1000,1,98,Successfully ran PRODUCT_MATCHING
PROC-PROD-02-TRACEABILITY,PROD-02,TRACEABILITY,COMPLETED,2026-08-22T08:25:42.660125,2026-08-22T08:25:43.660125,1000,1,98,Successfully ran TRACEABILITY
PROC-PROD-02-INSIGHTS,PROD-02,INSIGHTS,COMPLETED,2026-08-22T08:25:42.660125,2026-08-22T08:25:43.660125,1000,1,98,Successfully ran INSIGHTS
PROC-PROD-02-HUMAN_REVIEW,PROD-02,HUMAN_REVIEW,COMPLETED,2026-08-22T08:25:42.660125,2026-08-22T08:25:43.660125,1000,1,98,Successfully ran HUMAN_REVIEW
PROC-PROD-02-GENERATE_RECORD,PROD-02,GENERATE_RECORD,COMPLETED,2026-08-22T08:25:42.660125,2026-08-22T08:25:43.660125,1000,1,98,Successfully ran GENERATE_RECORD
PROC-PROD-03-UPLOAD,PROD-03,UPLOAD,COMPLETED,2026-08-22T08:25:42.660125,2026-08-22T08:25:43.660125,1000,1,98,Successfully ran UPLOAD
PROC-PROD-03-DOCUMENT_ANALYSIS,PROD-03,DOCUMENT_ANALYSIS,COMPLETED,2026-08-22T08:25:42.660125,2026-08-22T08:25:43.660125,1000,1,98,Successfully ran DOCUMENT_ANALYSIS
PROC-PROD-03-EXTRACT,PROD-03,EXTRACT,COMPLETED,2026-08-22T08:25:42.660125,2026-08-22T08:25:43.660125,1000,1,98,Successfully ran EXTRACT
PROC-PROD-03-UNDERSTAND,PROD-03,UNDERSTAND,COMPLETED,2026-08-22T08:25:42.660125,2026-08-22T08:25:43.660125,1000,1,98,Successfully ran UNDERSTAND
PROC-PROD-03-NORMALIZE,PROD-03,NORMALIZE,COMPLETED,2026-08-22T08:25:42.660125,2026-08-22T08:25:43.660125,1000,1,98,Successfully ran NORMALIZE
PROC-PROD-03-TAXONOMY,PROD-03,TAXONOMY,COMPLETED,2026-08-22T08:25:42.660125,2026-08-22T08:25:43.660125,1000,1,98,Successfully ran TAXONOMY
PROC-PROD-03-COMPLIANCE,PROD-03,COMPLIANCE,COMPLETED,2026-08-22T08:25:42.660125,2026-08-22T08:25:43.660125,1000,1,98,Successfully ran COMPLIANCE
PROC-PROD-03-VALIDATION,PROD-03,VALIDATION,WARNING,2026-08-22T08:25:42.660125,2026-08-22T08:25:43.660125,1000,1,98,Successfully ran VALIDATION
PROC-PROD-03-PRODUCT_MATCHING,PROD-03,PRODUCT_MATCHING,COMPLETED,2026-08-22T08:25:42.660125,2026-08-22T08:25:43.660125,1000,1,98,Successfully ran PRODUCT_MATCHING
PROC-PROD-03-TRACEABILITY,PROD-03,TRACEABILITY,COMPLETED,2026-08-22T08:25:42.660125,2026-08-22T08:25:43.660125,1000,1,98,Successfully ran TRACEABILITY
PROC-PROD-03-INSIGHTS,PROD-03,INSIGHTS,COMPLETED,2026-08-22T08:25:42.660125,2026-08-22T08:25:43.660125,1000,1,98,Successfully ran INSIGHTS
PROC-PROD-03-HUMAN_REVIEW,PROD-03,HUMAN_REVIEW,COMPLETED,2026-08-22T08:25:42.660125,2026-08-22T08:25:43.660125,1000,1,98,Successfully ran HUMAN_REVIEW
PROC-PROD-03-GENERATE_RECORD,PROD-03,GENERATE_RECORD,COMPLETED,2026-08-22T08:25:42.660125,2026-08-22T08:25:43.660125,1000,1,98,Successfully ran GENERATE_RECORD
PROC-PROD-04-UPLOAD,PROD-04,UPLOAD,COMPLETED,2026-08-22T08:25:42.660125,2026-08-22T08:25:43.660125,1000,1,98,Successfully ran UPLOAD
PROC-PROD-04-DOCUMENT_ANALYSIS,PROD-04,DOCUMENT_ANALYSIS,COMPLETED,2026-08-22T08:25:42.660125,2026-08-22T08:25:43.660125,1000,1,98,Successfully ran DOCUMENT_ANALYSIS
PROC-PROD-04-EXTRACT,PROD-04,EXTRACT,COMPLETED,2026-08-22T08:25:42.660125,2026-08-22T08:25:43.660125,1000,1,98,Successfully ran EXTRACT
PROC-PROD-04-UNDERSTAND,PROD-04,UNDERSTAND,COMPLETED,2026-08-22T08:25:42.660125,2026-08-22T08:25:43.660125,1000,1,98,Successfully ran UNDERSTAND
PROC-PROD-04-NORMALIZE,PROD-04,NORMALIZE,COMPLETED,2026-08-22T08:25:42.660125,2026-08-22T08:25:43.660125,1000,1,98,Successfully ran NORMALIZE
PROC-PROD-04-TAXONOMY,PROD-04,TAXONOMY,COMPLETED,2026-08-22T08:25:42.660125,2026-08-22T08:25:43.660125,1000,1,98,Successfully ran TAXONOMY
PROC-PROD-04-COMPLIANCE,PROD-04,COMPLIANCE,COMPLETED,2026-08-22T08:25:42.660125,2026-08-22T08:25:43.660125,1000,1,98,Successfully ran COMPLIANCE
PROC-PROD-04-VALIDATION,PROD-04,VALIDATION,COMPLETED,2026-08-22T08:25:42.660125,2026-08-22T08:25:43.660125,1000,1,98,Successfully ran VALIDATION
PROC-PROD-04-PRODUCT_MATCHING,PROD-04,PRODUCT_MATCHING,COMPLETED,2026-08-22T08:25:42.660125,2026-08-22T08:25:43.660125,1000,1,98,Successfully ran PRODUCT_MATCHING
PROC-PROD-04-TRACEABILITY,PROD-04,TRACEABILITY,COMPLETED,2026-08-22T08:25:42.660125,2026-08-22T08:25:43.660125,1000,1,98,Successfully ran TRACEABILITY
PROC-PROD-04-INSIGHTS,PROD-04,INSIGHTS,COMPLETED,2026-08-22T08:25:42.660125,2026-08-22T08:25:43.660125,1000,1,98,Successfully ran INSIGHTS
PROC-PROD-04-HUMAN_REVIEW,PROD-04,HUMAN_REVIEW,COMPLETED,2026-08-22T08:25:42.660125,2026-08-22T08:25:43.660125,1000,1,98,Successfully ran HUMAN_REVIEW
PROC-PROD-04-GENERATE_RECORD,PROD-04,GENERATE_RECORD,COMPLETED,2026-08-22T08:25:42.660125,2026-08-22T08:25:43.660125,1000,1,98,Successfully ran GENERATE_RECORD
PROC-PROD-05-UPLOAD,PROD-05,UPLOAD,COMPLETED,2026-08-22T08:25:42.660125,2026-08-22T08:25:43.660125,1000,1,98,Successfully ran UPLOAD
PROC-PROD-05-DOCUMENT_ANALYSIS,PROD-05,DOCUMENT_ANALYSIS,COMPLETED,2026-08-22T08:25:42.660125,2026-08-22T08:25:43.660125,1000,1,98,Successfully ran DOCUMENT_ANALYSIS
PROC-PROD-05-EXTRACT,PROD-05,EXTRACT,COMPLETED,2026-08-22T08:25:42.660125,2026-08-22T08:25:43.660125,1000,1,98,Successfully ran EXTRACT
PROC-PROD-05-UNDERSTAND,PROD-05,UNDERSTAND,COMPLETED,2026-08-22T08:25:42.660125,2026-08-22T08:25:43.660125,1000,1,98,Successfully ran UNDERSTAND
PROC-PROD-05-NORMALIZE,PROD-05,NORMALIZE,COMPLETED,2026-08-22T08:25:42.660125,2026-08-22T08:25:43.660125,1000,1,98,Successfully ran NORMALIZE
PROC-PROD-05-TAXONOMY,PROD-05,TAXONOMY,COMPLETED,2026-08-22T08:25:42.660125,2026-08-22T08:25:43.660125,1000,1,98,Successfully ran TAXONOMY
PROC-PROD-05-COMPLIANCE,PROD-05,COMPLIANCE,COMPLETED,2026-08-22T08:25:42.660125,2026-08-22T08:25:43.660125,1000,1,98,Successfully ran COMPLIANCE
PROC-PROD-05-VALIDATION,PROD-05,VALIDATION,WARNING,2026-08-22T08:25:42.660125,2026-08-22T08:25:43.660125,1000,1,98,Successfully ran VALIDATION
PROC-PROD-05-PRODUCT_MATCHING,PROD-05,PRODUCT_MATCHING,COMPLETED,2026-08-22T08:25:42.660125,2026-08-22T08:25:43.660125,1000,1,98,Successfully ran PRODUCT_MATCHING
PROC-PROD-05-TRACEABILITY,PROD-05,TRACEABILITY,COMPLETED,2026-08-22T08:25:42.660125,2026-08-22T08:25:43.660125,1000,1,98,Successfully ran TRACEABILITY
PROC-PROD-05-INSIGHTS,PROD-05,INSIGHTS,COMPLETED,2026-08-22T08:25:42.660125,2026-08-22T08:25:43.660125,1000,1,98,Successfully ran INSIGHTS
PROC-PROD-05-HUMAN_REVIEW,PROD-05,HUMAN_REVIEW,COMPLETED,2026-08-22T08:25:42.660125,2026-08-22T08:25:43.660125,1000,1,98,Successfully ran HUMAN_REVIEW
PROC-PROD-05-GENERATE_RECORD,PROD-05,GENERATE_RECORD,COMPLETED,2026-08-22T08:25:42.660125,2026-08-22T08:25:43.660125,1000,1,98,Successfully ran GENERATE_RECORD
PROC-PROD-06-UPLOAD,PROD-06,UPLOAD,COMPLETED,2026-08-22T08:25:42.660125,2026-08-22T08:25:43.660125,1000,1,98,Successfully ran UPLOAD
PROC-PROD-06-DOCUMENT_ANALYSIS,PROD-06,DOCUMENT_ANALYSIS,COMPLETED,2026-08-22T08:25:42.660125,2026-08-22T08:25:43.660125,1000,1,98,Successfully ran DOCUMENT_ANALYSIS
PROC-PROD-06-EXTRACT,PROD-06,EXTRACT,COMPLETED,2026-08-22T08:25:42.660125,2026-08-22T08:25:43.660125,1000,1,98,Successfully ran EXTRACT
PROC-PROD-06-UNDERSTAND,PROD-06,UNDERSTAND,COMPLETED,2026-08-22T08:25:42.660125,2026-08-22T08:25:43.660125,1000,1,98,Successfully ran UNDERSTAND
PROC-PROD-06-NORMALIZE,PROD-06,NORMALIZE,COMPLETED,2026-08-22T08:25:42.660125,2026-08-22T08:25:43.660125,1000,1,98,Successfully ran NORMALIZE
PROC-PROD-06-TAXONOMY,PROD-06,TAXONOMY,COMPLETED,2026-08-22T08:25:42.660125,2026-08-22T08:25:43.660125,1000,1,98,Successfully ran TAXONOMY
PROC-PROD-06-COMPLIANCE,PROD-06,COMPLIANCE,COMPLETED,2026-08-22T08:25:42.660125,2026-08-22T08:25:43.660125,1000,1,98,Successfully ran COMPLIANCE
PROC-PROD-06-VALIDATION,PROD-06,VALIDATION,COMPLETED,2026-08-22T08:25:42.660125,2026-08-22T08:25:43.660125,1000,1,98,Successfully ran VALIDATION
PROC-PROD-06-PRODUCT_MATCHING,PROD-06,PRODUCT_MATCHING,COMPLETED,2026-08-22T08:25:42.660125,2026-08-22T08:25:43.660125,1000,1,98,Successfully ran PRODUCT_MATCHING
PROC-PROD-06-TRACEABILITY,PROD-06,TRACEABILITY,COMPLETED,2026-08-22T08:25:42.660125,2026-08-22T08:25:43.660125,1000,1,98,Successfully ran TRACEABILITY
PROC-PROD-06-INSIGHTS,PROD-06,INSIGHTS,COMPLETED,2026-08-22T08:25:42.660125,2026-08-22T08:25:43.660125,1000,1,98,Successfully ran INSIGHTS
PROC-PROD-06-HUMAN_REVIEW,PROD-06,HUMAN_REVIEW,COMPLETED,2026-08-22T08:25:42.660125,2026-08-22T08:25:43.660125,1000,1,98,Successfully ran HUMAN_REVIEW
PROC-PROD-06-GENERATE_RECORD,PROD-06,GENERATE_RECORD,COMPLETED,2026-08-22T08:25:42.660125,2026-08-22T08:25:43.660125,1000,1,98,Successfully ran GENERATE_RECORD
PROC-PROD-07-UPLOAD,PROD-07,UPLOAD,COMPLETED,2026-08-22T08:25:42.660125,2026-08-22T08:25:43.660125,1000,1,98,Successfully ran UPLOAD
PROC-PROD-07-DOCUMENT_ANALYSIS,PROD-07,DOCUMENT_ANALYSIS,COMPLETED,2026-08-22T08:25:42.660125,2026-08-22T08:25:43.660125,1000,1,98,Successfully ran DOCUMENT_ANALYSIS
PROC-PROD-07-EXTRACT,PROD-07,EXTRACT,COMPLETED,2026-08-22T08:25:42.660125,2026-08-22T08:25:43.660125,1000,1,98,Successfully ran EXTRACT
PROC-PROD-07-UNDERSTAND,PROD-07,UNDERSTAND,COMPLETED,2026-08-22T08:25:42.660125,2026-08-22T08:25:43.660125,1000,1,98,Successfully ran UNDERSTAND
PROC-PROD-07-NORMALIZE,PROD-07,NORMALIZE,COMPLETED,2026-08-22T08:25:42.660125,2026-08-22T08:25:43.660125,1000,1,98,Successfully ran NORMALIZE
PROC-PROD-07-TAXONOMY,PROD-07,TAXONOMY,COMPLETED,2026-08-22T08:25:42.660125,2026-08-22T08:25:43.660125,1000,1,98,Successfully ran TAXONOMY
PROC-PROD-07-COMPLIANCE,PROD-07,COMPLIANCE,COMPLETED,2026-08-22T08:25:42.660125,2026-08-22T08:25:43.660125,1000,1,98,Successfully ran COMPLIANCE
PROC-PROD-07-VALIDATION,PROD-07,VALIDATION,COMPLETED,2026-08-22T08:25:42.660125,2026-08-22T08:25:43.660125,1000,1,98,Successfully ran VALIDATION
PROC-PROD-07-PRODUCT_MATCHING,PROD-07,PRODUCT_MATCHING,COMPLETED,2026-08-22T08:25:42.660125,2026-08-22T08:25:43.660125,1000,1,98,Successfully ran PRODUCT_MATCHING
PROC-PROD-07-TRACEABILITY,PROD-07,TRACEABILITY,COMPLETED,2026-08-22T08:25:42.660125,2026-08-22T08:25:43.660125,1000,1,98,Successfully ran TRACEABILITY
PROC-PROD-07-INSIGHTS,PROD-07,INSIGHTS,COMPLETED,2026-08-22T08:25:42.660125,2026-08-22T08:25:43.660125,1000,1,98,Successfully ran INSIGHTS
PROC-PROD-07-HUMAN_REVIEW,PROD-07,HUMAN_REVIEW,COMPLETED,2026-08-22T08:25:42.660125,2026-08-22T08:25:43.660125,1000,1,98,Successfully ran HUMAN_REVIEW
PROC-PROD-07-GENERATE_RECORD,PROD-07,GENERATE_RECORD,COMPLETED,2026-08-22T08:25:42.660125,2026-08-22T08:25:43.660125,1000,1,98,Successfully ran GENERATE_RECORD
PROC-PROD-08-UPLOAD,PROD-08,UPLOAD,COMPLETED,2026-08-22T08:25:42.660125,2026-08-22T08:25:43.660125,1000,1,98,Successfully ran UPLOAD
PROC-PROD-08-DOCUMENT_ANALYSIS,PROD-08,DOCUMENT_ANALYSIS,COMPLETED,2026-08-22T08:25:42.660125,2026-08-22T08:25:43.660125,1000,1,98,Successfully ran DOCUMENT_ANALYSIS
PROC-PROD-08-EXTRACT,PROD-08,EXTRACT,COMPLETED,2026-08-22T08:25:42.660125,2026-08-22T08:25:43.660125,1000,1,98,Successfully ran EXTRACT
PROC-PROD-08-UNDERSTAND,PROD-08,UNDERSTAND,COMPLETED,2026-08-22T08:25:42.660125,2026-08-22T08:25:43.660125,1000,1,98,Successfully ran UNDERSTAND
PROC-PROD-08-NORMALIZE,PROD-08,NORMALIZE,COMPLETED,2026-08-22T08:25:42.660125,2026-08-22T08:25:43.660125,1000,1,98,Successfully ran NORMALIZE
PROC-PROD-08-TAXONOMY,PROD-08,TAXONOMY,COMPLETED,2026-08-22T08:25:42.660125,2026-08-22T08:25:43.660125,1000,1,98,Successfully ran TAXONOMY
PROC-PROD-08-COMPLIANCE,PROD-08,COMPLIANCE,COMPLETED,2026-08-22T08:25:42.660125,2026-08-22T08:25:43.660125,1000,1,98,Successfully ran COMPLIANCE
PROC-PROD-08-VALIDATION,PROD-08,VALIDATION,COMPLETED,2026-08-22T08:25:42.660125,2026-08-22T08:25:43.660125,1000,1,98,Successfully ran VALIDATION
PROC-PROD-08-PRODUCT_MATCHING,PROD-08,PRODUCT_MATCHING,COMPLETED,2026-08-22T08:25:42.660125,2026-08-22T08:25:43.660125,1000,1,98,Successfully ran PRODUCT_MATCHING
PROC-PROD-08-TRACEABILITY,PROD-08,TRACEABILITY,COMPLETED,2026-08-22T08:25:42.660125,2026-08-22T08:25:43.660125,1000,1,98,Successfully ran TRACEABILITY
PROC-PROD-08-INSIGHTS,PROD-08,INSIGHTS,COMPLETED,2026-08-22T08:25:42.660125,2026-08-22T08:25:43.660125,1000,1,98,Successfully ran INSIGHTS
PROC-PROD-08-HUMAN_REVIEW,PROD-08,HUMAN_REVIEW,COMPLETED,2026-08-22T08:25:42.660125,2026-08-22T08:25:43.660125,1000,1,98,Successfully ran HUMAN_REVIEW
PROC-PROD-08-GENERATE_RECORD,PROD-08,GENERATE_RECORD,COMPLETED,2026-08-22T08:25:42.660125,2026-08-22T08:25:43.660125,1000,1,98,Successfully ran GENERATE_RECORD
PROC-PROD-09-UPLOAD,PROD-09,UPLOAD,COMPLETED,2026-08-22T08:25:42.660125,2026-08-22T08:25:43.660125,1000,1,98,Successfully ran UPLOAD
PROC-PROD-09-DOCUMENT_ANALYSIS,PROD-09,DOCUMENT_ANALYSIS,COMPLETED,2026-08-22T08:25:42.660125,2026-08-22T08:25:43.660125,1000,1,98,Successfully ran DOCUMENT_ANALYSIS
PROC-PROD-09-EXTRACT,PROD-09,EXTRACT,COMPLETED,2026-08-22T08:25:42.660125,2026-08-22T08:25:43.660125,1000,1,98,Successfully ran EXTRACT
PROC-PROD-09-UNDERSTAND,PROD-09,UNDERSTAND,COMPLETED,2026-08-22T08:25:42.660125,2026-08-22T08:25:43.660125,1000,1,98,Successfully ran UNDERSTAND
PROC-PROD-09-NORMALIZE,PROD-09,NORMALIZE,COMPLETED,2026-08-22T08:25:42.660125,2026-08-22T08:25:43.660125,1000,1,98,Successfully ran NORMALIZE
PROC-PROD-09-TAXONOMY,PROD-09,TAXONOMY,COMPLETED,2026-08-22T08:25:42.660125,2026-08-22T08:25:43.660125,1000,1,98,Successfully ran TAXONOMY
PROC-PROD-09-COMPLIANCE,PROD-09,COMPLIANCE,COMPLETED,2026-08-22T08:25:42.660125,2026-08-22T08:25:43.660125,1000,1,98,Successfully ran COMPLIANCE
PROC-PROD-09-VALIDATION,PROD-09,VALIDATION,WARNING,2026-08-22T08:25:42.660125,2026-08-22T08:25:43.660125,1000,1,98,Successfully ran VALIDATION
PROC-PROD-09-PRODUCT_MATCHING,PROD-09,PRODUCT_MATCHING,COMPLETED,2026-08-22T08:25:42.660125,2026-08-22T08:25:43.660125,1000,1,98,Successfully ran PRODUCT_MATCHING
PROC-PROD-09-TRACEABILITY,PROD-09,TRACEABILITY,COMPLETED,2026-08-22T08:25:42.660125,2026-08-22T08:25:43.660125,1000,1,98,Successfully ran TRACEABILITY
PROC-PROD-09-INSIGHTS,PROD-09,INSIGHTS,COMPLETED,2026-08-22T08:25:42.660125,2026-08-22T08:25:43.660125,1000,1,98,Successfully ran INSIGHTS
PROC-PROD-09-HUMAN_REVIEW,PROD-09,HUMAN_REVIEW,COMPLETED,2026-08-22T08:25:42.660125,2026-08-22T08:25:43.660125,1000,1,98,Successfully ran HUMAN_REVIEW
PROC-PROD-09-GENERATE_RECORD,PROD-09,GENERATE_RECORD,COMPLETED,2026-08-22T08:25:42.660125,2026-08-22T08:25:43.660125,1000,1,98,Successfully ran GENERATE_RECORD
PROC-PROD-10-UPLOAD,PROD-10,UPLOAD,COMPLETED,2026-08-22T08:25:42.660125,2026-08-22T08:25:43.660125,1000,1,98,Successfully ran UPLOAD
PROC-PROD-10-DOCUMENT_ANALYSIS,PROD-10,DOCUMENT_ANALYSIS,COMPLETED,2026-08-22T08:25:42.660125,2026-08-22T08:25:43.660125,1000,1,98,Successfully ran DOCUMENT_ANALYSIS
PROC-PROD-10-EXTRACT,PROD-10,EXTRACT,COMPLETED,2026-08-22T08:25:42.660125,2026-08-22T08:25:43.660125,1000,1,98,Successfully ran EXTRACT
PROC-PROD-10-UNDERSTAND,PROD-10,UNDERSTAND,COMPLETED,2026-08-22T08:25:42.660125,2026-08-22T08:25:43.660125,1000,1,98,Successfully ran UNDERSTAND
PROC-PROD-10-NORMALIZE,PROD-10,NORMALIZE,COMPLETED,2026-08-22T08:25:42.660125,2026-08-22T08:25:43.660125,1000,1,98,Successfully ran NORMALIZE
PROC-PROD-10-TAXONOMY,PROD-10,TAXONOMY,COMPLETED,2026-08-22T08:25:42.660125,2026-08-22T08:25:43.660125,1000,1,98,Successfully ran TAXONOMY
PROC-PROD-10-COMPLIANCE,PROD-10,COMPLIANCE,COMPLETED,2026-08-22T08:25:42.660125,2026-08-22T08:25:43.660125,1000,1,98,Successfully ran COMPLIANCE
PROC-PROD-10-VALIDATION,PROD-10,VALIDATION,COMPLETED,2026-08-22T08:25:42.660125,2026-08-22T08:25:43.660125,1000,1,98,Successfully ran VALIDATION
PROC-PROD-10-PRODUCT_MATCHING,PROD-10,PRODUCT_MATCHING,COMPLETED,2026-08-22T08:25:42.660125,2026-08-22T08:25:43.660125,1000,1,98,Successfully ran PRODUCT_MATCHING
PROC-PROD-10-TRACEABILITY,PROD-10,TRACEABILITY,COMPLETED,2026-08-22T08:25:42.660125,2026-08-22T08:25:43.660125,1000,1,98,Successfully ran TRACEABILITY
PROC-PROD-10-INSIGHTS,PROD-10,INSIGHTS,COMPLETED,2026-08-22T08:25:42.660125,2026-08-22T08:25:43.660125,1000,1,98,Successfully ran INSIGHTS
PROC-PROD-10-HUMAN_REVIEW,PROD-10,HUMAN_REVIEW,COMPLETED,2026-08-22T08:25:42.660125,2026-08-22T08:25:43.660125,1000,1,98,Successfully ran HUMAN_REVIEW
PROC-PROD-10-GENERATE_RECORD,PROD-10,GENERATE_RECORD,COMPLETED,2026-08-22T08:25:42.660125,2026-08-22T08:25:43.660125,1000,1,98,Successfully ran GENERATE_RECORD
PROC-PROD-11-UPLOAD,PROD-11,UPLOAD,COMPLETED,2026-08-22T08:25:42.660125,2026-08-22T08:25:43.660125,1000,1,98,Successfully ran UPLOAD
PROC-PROD-11-DOCUMENT_ANALYSIS,PROD-11,DOCUMENT_ANALYSIS,COMPLETED,2026-08-22T08:25:42.660125,2026-08-22T08:25:43.660125,1000,1,98,Successfully ran DOCUMENT_ANALYSIS
PROC-PROD-11-EXTRACT,PROD-11,EXTRACT,COMPLETED,2026-08-22T08:25:42.660125,2026-08-22T08:25:43.660125,1000,1,98,Successfully ran EXTRACT
PROC-PROD-11-UNDERSTAND,PROD-11,UNDERSTAND,COMPLETED,2026-08-22T08:25:42.660125,2026-08-22T08:25:43.660125,1000,1,98,Successfully ran UNDERSTAND
PROC-PROD-11-NORMALIZE,PROD-11,NORMALIZE,COMPLETED,2026-08-22T08:25:42.660125,2026-08-22T08:25:43.660125,1000,1,98,Successfully ran NORMALIZE
PROC-PROD-11-TAXONOMY,PROD-11,TAXONOMY,COMPLETED,2026-08-22T08:25:42.660125,2026-08-22T08:25:43.660125,1000,1,98,Successfully ran TAXONOMY
PROC-PROD-11-COMPLIANCE,PROD-11,COMPLIANCE,COMPLETED,2026-08-22T08:25:42.660125,2026-08-22T08:25:43.660125,1000,1,98,Successfully ran COMPLIANCE
PROC-PROD-11-VALIDATION,PROD-11,VALIDATION,WARNING,2026-08-22T08:25:42.660125,2026-08-22T08:25:43.660125,1000,1,98,Successfully ran VALIDATION
PROC-PROD-11-PRODUCT_MATCHING,PROD-11,PRODUCT_MATCHING,COMPLETED,2026-08-22T08:25:42.660125,2026-08-22T08:25:43.660125,1000,1,98,Successfully ran PRODUCT_MATCHING
PROC-PROD-11-TRACEABILITY,PROD-11,TRACEABILITY,COMPLETED,2026-08-22T08:25:42.660125,2026-08-22T08:25:43.660125,1000,1,98,Successfully ran TRACEABILITY
PROC-PROD-11-INSIGHTS,PROD-11,INSIGHTS,COMPLETED,2026-08-22T08:25:42.660125,2026-08-22T08:25:43.660125,1000,1,98,Successfully ran INSIGHTS
PROC-PROD-11-HUMAN_REVIEW,PROD-11,HUMAN_REVIEW,COMPLETED,2026-08-22T08:25:42.660125,2026-08-22T08:25:43.660125,1000,1,98,Successfully ran HUMAN_REVIEW
PROC-PROD-11-GENERATE_RECORD,PROD-11,GENERATE_RECORD,COMPLETED,2026-08-22T08:25:42.660125,2026-08-22T08:25:43.660125,1000,1,98,Successfully ran GENERATE_RECORD
PROC-PROD-12-UPLOAD,PROD-12,UPLOAD,COMPLETED,2026-08-22T08:25:42.660125,2026-08-22T08:25:43.660125,1000,1,98,Successfully ran UPLOAD
PROC-PROD-12-DOCUMENT_ANALYSIS,PROD-12,DOCUMENT_ANALYSIS,COMPLETED,2026-08-22T08:25:42.660125,2026-08-22T08:25:43.660125,1000,1,98,Successfully ran DOCUMENT_ANALYSIS
PROC-PROD-12-EXTRACT,PROD-12,EXTRACT,COMPLETED,2026-08-22T08:25:42.660125,2026-08-22T08:25:43.660125,1000,1,98,Successfully ran EXTRACT
PROC-PROD-12-UNDERSTAND,PROD-12,UNDERSTAND,COMPLETED,2026-08-22T08:25:42.660125,2026-08-22T08:25:43.660125,1000,1,98,Successfully ran UNDERSTAND
PROC-PROD-12-NORMALIZE,PROD-12,NORMALIZE,COMPLETED,2026-08-22T08:25:42.660125,2026-08-22T08:25:43.660125,1000,1,98,Successfully ran NORMALIZE
PROC-PROD-12-TAXONOMY,PROD-12,TAXONOMY,COMPLETED,2026-08-22T08:25:42.660125,2026-08-22T08:25:43.660125,1000,1,98,Successfully ran TAXONOMY
PROC-PROD-12-COMPLIANCE,PROD-12,COMPLIANCE,COMPLETED,2026-08-22T08:25:42.660125,2026-08-22T08:25:43.660125,1000,1,98,Successfully ran COMPLIANCE
PROC-PROD-12-VALIDATION,PROD-12,VALIDATION,COMPLETED,2026-08-22T08:25:42.660125,2026-08-22T08:25:43.660125,1000,1,98,Successfully ran VALIDATION
PROC-PROD-12-PRODUCT_MATCHING,PROD-12,PRODUCT_MATCHING,COMPLETED,2026-08-22T08:25:42.660125,2026-08-22T08:25:43.660125,1000,1,98,Successfully ran PRODUCT_MATCHING
PROC-PROD-12-TRACEABILITY,PROD-12,TRACEABILITY,COMPLETED,2026-08-22T08:25:42.660125,2026-08-22T08:25:43.660125,1000,1,98,Successfully ran TRACEABILITY
PROC-PROD-12-INSIGHTS,PROD-12,INSIGHTS,COMPLETED,2026-08-22T08:25:42.660125,2026-08-22T08:25:43.660125,1000,1,98,Successfully ran INSIGHTS
PROC-PROD-12-HUMAN_REVIEW,PROD-12,HUMAN_REVIEW,COMPLETED,2026-08-22T08:25:42.660125,2026-08-22T08:25:43.660125,1000,1,98,Successfully ran HUMAN_REVIEW
PROC-PROD-12-GENERATE_RECORD,PROD-12,GENERATE_RECORD,COMPLETED,2026-08-22T08:25:42.660125,2026-08-22T08:25:43.660125,1000,1,98,Successfully ran GENERATE_RECORD
PROC-PROD-13-UPLOAD,PROD-13,UPLOAD,COMPLETED,2026-08-22T08:25:42.660125,2026-08-22T08:25:43.660125,1000,1,98,Successfully ran UPLOAD
PROC-PROD-13-DOCUMENT_ANALYSIS,PROD-13,DOCUMENT_ANALYSIS,COMPLETED,2026-08-22T08:25:42.660125,2026-08-22T08:25:43.660125,1000,1,98,Successfully ran DOCUMENT_ANALYSIS
PROC-PROD-13-EXTRACT,PROD-13,EXTRACT,COMPLETED,2026-08-22T08:25:42.660125,2026-08-22T08:25:43.660125,1000,1,98,Successfully ran EXTRACT
PROC-PROD-13-UNDERSTAND,PROD-13,UNDERSTAND,COMPLETED,2026-08-22T08:25:42.660125,2026-08-22T08:25:43.660125,1000,1,98,Successfully ran UNDERSTAND
PROC-PROD-13-NORMALIZE,PROD-13,NORMALIZE,COMPLETED,2026-08-22T08:25:42.660125,2026-08-22T08:25:43.660125,1000,1,98,Successfully ran NORMALIZE
PROC-PROD-13-TAXONOMY,PROD-13,TAXONOMY,COMPLETED,2026-08-22T08:25:42.660125,2026-08-22T08:25:43.660125,1000,1,98,Successfully ran TAXONOMY
PROC-PROD-13-COMPLIANCE,PROD-13,COMPLIANCE,COMPLETED,2026-08-22T08:25:42.660125,2026-08-22T08:25:43.660125,1000,1,98,Successfully ran COMPLIANCE
PROC-PROD-13-VALIDATION,PROD-13,VALIDATION,COMPLETED,2026-08-22T08:25:42.660125,2026-08-22T08:25:43.660125,1000,1,98,Successfully ran VALIDATION
PROC-PROD-13-PRODUCT_MATCHING,PROD-13,PRODUCT_MATCHING,COMPLETED,2026-08-22T08:25:42.660125,2026-08-22T08:25:43.660125,1000,1,98,Successfully ran PRODUCT_MATCHING
PROC-PROD-13-TRACEABILITY,PROD-13,TRACEABILITY,COMPLETED,2026-08-22T08:25:42.660125,2026-08-22T08:25:43.660125,1000,1,98,Successfully ran TRACEABILITY
PROC-PROD-13-INSIGHTS,PROD-13,INSIGHTS,COMPLETED,2026-08-22T08:25:42.660125,2026-08-22T08:25:43.660125,1000,1,98,Successfully ran INSIGHTS
PROC-PROD-13-HUMAN_REVIEW,PROD-13,HUMAN_REVIEW,COMPLETED,2026-08-22T08:25:42.660125,2026-08-22T08:25:43.660125,1000,1,98,Successfully ran HUMAN_REVIEW
PROC-PROD-13-GENERATE_RECORD,PROD-13,GENERATE_RECORD,COMPLETED,2026-08-22T08:25:42.660125,2026-08-22T08:25:43.660125,1000,1,98,Successfully ran GENERATE_RECORD
PROC-PROD-14-UPLOAD,PROD-14,UPLOAD,COMPLETED,2026-08-22T08:25:42.660125,2026-08-22T08:25:43.660125,1000,1,98,Successfully ran UPLOAD
PROC-PROD-14-DOCUMENT_ANALYSIS,PROD-14,DOCUMENT_ANALYSIS,COMPLETED,2026-08-22T08:25:42.660125,2026-08-22T08:25:43.660125,1000,1,98,Successfully ran DOCUMENT_ANALYSIS
PROC-PROD-14-EXTRACT,PROD-14,EXTRACT,COMPLETED,2026-08-22T08:25:42.660125,2026-08-22T08:25:43.660125,1000,1,98,Successfully ran EXTRACT
PROC-PROD-14-UNDERSTAND,PROD-14,UNDERSTAND,COMPLETED,2026-08-22T08:25:42.660125,2026-08-22T08:25:43.660125,1000,1,98,Successfully ran UNDERSTAND
PROC-PROD-14-NORMALIZE,PROD-14,NORMALIZE,COMPLETED,2026-08-22T08:25:42.660125,2026-08-22T08:25:43.660125,1000,1,98,Successfully ran NORMALIZE
PROC-PROD-14-TAXONOMY,PROD-14,TAXONOMY,COMPLETED,2026-08-22T08:25:42.660125,2026-08-22T08:25:43.660125,1000,1,98,Successfully ran TAXONOMY
PROC-PROD-14-COMPLIANCE,PROD-14,COMPLIANCE,COMPLETED,2026-08-22T08:25:42.660125,2026-08-22T08:25:43.660125,1000,1,98,Successfully ran COMPLIANCE
PROC-PROD-14-VALIDATION,PROD-14,VALIDATION,COMPLETED,2026-08-22T08:25:42.660125,2026-08-22T08:25:43.660125,1000,1,98,Successfully ran VALIDATION
PROC-PROD-14-PRODUCT_MATCHING,PROD-14,PRODUCT_MATCHING,COMPLETED,2026-08-22T08:25:42.660125,2026-08-22T08:25:43.660125,1000,1,98,Successfully ran PRODUCT_MATCHING
PROC-PROD-14-TRACEABILITY,PROD-14,TRACEABILITY,COMPLETED,2026-08-22T08:25:42.660125,2026-08-22T08:25:43.660125,1000,1,98,Successfully ran TRACEABILITY
PROC-PROD-14-INSIGHTS,PROD-14,INSIGHTS,COMPLETED,2026-08-22T08:25:42.660125,2026-08-22T08:25:43.660125,1000,1,98,Successfully ran INSIGHTS
PROC-PROD-14-HUMAN_REVIEW,PROD-14,HUMAN_REVIEW,COMPLETED,2026-08-22T08:25:42.660125,2026-08-22T08:25:43.660125,1000,1,98,Successfully ran HUMAN_REVIEW
PROC-PROD-14-GENERATE_RECORD,PROD-14,GENERATE_RECORD,COMPLETED,2026-08-22T08:25:42.660125,2026-08-22T08:25:43.660125,1000,1,98,Successfully ran GENERATE_RECORD
PROC-PROD-15-UPLOAD,PROD-15,UPLOAD,COMPLETED,2026-08-22T08:25:42.660125,2026-08-22T08:25:43.660125,1000,1,98,Successfully ran UPLOAD
PROC-PROD-15-DOCUMENT_ANALYSIS,PROD-15,DOCUMENT_ANALYSIS,COMPLETED,2026-08-22T08:25:42.660125,2026-08-22T08:25:43.660125,1000,1,98,Successfully ran DOCUMENT_ANALYSIS
PROC-PROD-15-EXTRACT,PROD-15,EXTRACT,COMPLETED,2026-08-22T08:25:42.660125,2026-08-22T08:25:43.660125,1000,1,98,Successfully ran EXTRACT
PROC-PROD-15-UNDERSTAND,PROD-15,UNDERSTAND,COMPLETED,2026-08-22T08:25:42.660125,2026-08-22T08:25:43.660125,1000,1,98,Successfully ran UNDERSTAND
PROC-PROD-15-NORMALIZE,PROD-15,NORMALIZE,COMPLETED,2026-08-22T08:25:42.660125,2026-08-22T08:25:43.660125,1000,1,98,Successfully ran NORMALIZE
PROC-PROD-15-TAXONOMY,PROD-15,TAXONOMY,COMPLETED,2026-08-22T08:25:42.660125,2026-08-22T08:25:43.660125,1000,1,98,Successfully ran TAXONOMY
PROC-PROD-15-COMPLIANCE,PROD-15,COMPLIANCE,COMPLETED,2026-08-22T08:25:42.660125,2026-08-22T08:25:43.660125,1000,1,98,Successfully ran COMPLIANCE
PROC-PROD-15-VALIDATION,PROD-15,VALIDATION,WARNING,2026-08-22T08:25:42.660125,2026-08-22T08:25:43.660125,1000,1,98,Successfully ran VALIDATION
PROC-PROD-15-PRODUCT_MATCHING,PROD-15,PRODUCT_MATCHING,COMPLETED,2026-08-22T08:25:42.660125,2026-08-22T08:25:43.660125,1000,1,98,Successfully ran PRODUCT_MATCHING
PROC-PROD-15-TRACEABILITY,PROD-15,TRACEABILITY,COMPLETED,2026-08-22T08:25:42.660125,2026-08-22T08:25:43.660125,1000,1,98,Successfully ran TRACEABILITY
PROC-PROD-15-INSIGHTS,PROD-15,INSIGHTS,COMPLETED,2026-08-22T08:25:42.660125,2026-08-22T08:25:43.660125,1000,1,98,Successfully ran INSIGHTS
PROC-PROD-15-HUMAN_REVIEW,PROD-15,HUMAN_REVIEW,COMPLETED,2026-08-22T08:25:42.660125,2026-08-22T08:25:43.660125,1000,1,98,Successfully ran HUMAN_REVIEW
PROC-PROD-15-GENERATE_RECORD,PROD-15,GENERATE_RECORD,COMPLETED,2026-08-22T08:25:42.660125,2026-08-22T08:25:43.660125,1000,1,98,Successfully ran GENERATE_RECORD
PROC-PROD-16-UPLOAD,PROD-16,UPLOAD,COMPLETED,2026-08-22T08:25:42.660125,2026-08-22T08:25:43.660125,1000,1,98,Successfully ran UPLOAD
PROC-PROD-16-DOCUMENT_ANALYSIS,PROD-16,DOCUMENT_ANALYSIS,COMPLETED,2026-08-22T08:25:42.660125,2026-08-22T08:25:43.660125,1000,1,98,Successfully ran DOCUMENT_ANALYSIS
PROC-PROD-16-EXTRACT,PROD-16,EXTRACT,COMPLETED,2026-08-22T08:25:42.660125,2026-08-22T08:25:43.660125,1000,1,98,Successfully ran EXTRACT
PROC-PROD-16-UNDERSTAND,PROD-16,UNDERSTAND,COMPLETED,2026-08-22T08:25:42.660125,2026-08-22T08:25:43.660125,1000,1,98,Successfully ran UNDERSTAND
PROC-PROD-16-NORMALIZE,PROD-16,NORMALIZE,COMPLETED,2026-08-22T08:25:42.660125,2026-08-22T08:25:43.660125,1000,1,98,Successfully ran NORMALIZE
PROC-PROD-16-TAXONOMY,PROD-16,TAXONOMY,COMPLETED,2026-08-22T08:25:42.660125,2026-08-22T08:25:43.660125,1000,1,98,Successfully ran TAXONOMY
PROC-PROD-16-COMPLIANCE,PROD-16,COMPLIANCE,COMPLETED,2026-08-22T08:25:42.660125,2026-08-22T08:25:43.660125,1000,1,98,Successfully ran COMPLIANCE
PROC-PROD-16-VALIDATION,PROD-16,VALIDATION,COMPLETED,2026-08-22T08:25:42.660125,2026-08-22T08:25:43.660125,1000,1,98,Successfully ran VALIDATION
PROC-PROD-16-PRODUCT_MATCHING,PROD-16,PRODUCT_MATCHING,COMPLETED,2026-08-22T08:25:42.660125,2026-08-22T08:25:43.660125,1000,1,98,Successfully ran PRODUCT_MATCHING
PROC-PROD-16-TRACEABILITY,PROD-16,TRACEABILITY,COMPLETED,2026-08-22T08:25:42.660125,2026-08-22T08:25:43.660125,1000,1,98,Successfully ran TRACEABILITY
PROC-PROD-16-INSIGHTS,PROD-16,INSIGHTS,COMPLETED,2026-08-22T08:25:42.660125,2026-08-22T08:25:43.660125,1000,1,98,Successfully ran INSIGHTS
PROC-PROD-16-HUMAN_REVIEW,PROD-16,HUMAN_REVIEW,COMPLETED,2026-08-22T08:25:42.660125,2026-08-22T08:25:43.660125,1000,1,98,Successfully ran HUMAN_REVIEW
PROC-PROD-16-GENERATE_RECORD,PROD-16,GENERATE_RECORD,COMPLETED,2026-08-22T08:25:42.660125,2026-08-22T08:25:43.660125,1000,1,98,Successfully ran GENERATE_RECORD
PROC-PROD-17-UPLOAD,PROD-17,UPLOAD,COMPLETED,2026-08-22T08:25:42.660125,2026-08-22T08:25:43.660125,1000,1,98,Successfully ran UPLOAD
PROC-PROD-17-DOCUMENT_ANALYSIS,PROD-17,DOCUMENT_ANALYSIS,COMPLETED,2026-08-22T08:25:42.660125,2026-08-22T08:25:43.660125,1000,1,98,Successfully ran DOCUMENT_ANALYSIS
PROC-PROD-17-EXTRACT,PROD-17,EXTRACT,COMPLETED,2026-08-22T08:25:42.660125,2026-08-22T08:25:43.660125,1000,1,98,Successfully ran EXTRACT
PROC-PROD-17-UNDERSTAND,PROD-17,UNDERSTAND,COMPLETED,2026-08-22T08:25:42.660125,2026-08-22T08:25:43.660125,1000,1,98,Successfully ran UNDERSTAND
PROC-PROD-17-NORMALIZE,PROD-17,NORMALIZE,COMPLETED,2026-08-22T08:25:42.660125,2026-08-22T08:25:43.660125,1000,1,98,Successfully ran NORMALIZE
PROC-PROD-17-TAXONOMY,PROD-17,TAXONOMY,COMPLETED,2026-08-22T08:25:42.660125,2026-08-22T08:25:43.660125,1000,1,98,Successfully ran TAXONOMY
PROC-PROD-17-COMPLIANCE,PROD-17,COMPLIANCE,COMPLETED,2026-08-22T08:25:42.660125,2026-08-22T08:25:43.660125,1000,1,98,Successfully ran COMPLIANCE
PROC-PROD-17-VALIDATION,PROD-17,VALIDATION,COMPLETED,2026-08-22T08:25:42.660125,2026-08-22T08:25:43.660125,1000,1,98,Successfully ran VALIDATION
PROC-PROD-17-PRODUCT_MATCHING,PROD-17,PRODUCT_MATCHING,COMPLETED,2026-08-22T08:25:42.660125,2026-08-22T08:25:43.660125,1000,1,98,Successfully ran PRODUCT_MATCHING
PROC-PROD-17-TRACEABILITY,PROD-17,TRACEABILITY,COMPLETED,2026-08-22T08:25:42.660125,2026-08-22T08:25:43.660125,1000,1,98,Successfully ran TRACEABILITY
PROC-PROD-17-INSIGHTS,PROD-17,INSIGHTS,COMPLETED,2026-08-22T08:25:42.660125,2026-08-22T08:25:43.660125,1000,1,98,Successfully ran INSIGHTS
PROC-PROD-17-HUMAN_REVIEW,PROD-17,HUMAN_REVIEW,COMPLETED,2026-08-22T08:25:42.660125,2026-08-22T08:25:43.660125,1000,1,98,Successfully ran HUMAN_REVIEW
PROC-PROD-17-GENERATE_RECORD,PROD-17,GENERATE_RECORD,COMPLETED,2026-08-22T08:25:42.660125,2026-08-22T08:25:43.660125,1000,1,98,Successfully ran GENERATE_RECORD
PROC-PROD-18-UPLOAD,PROD-18,UPLOAD,COMPLETED,2026-08-22T08:25:42.660125,2026-08-22T08:25:43.660125,1000,1,98,Successfully ran UPLOAD
PROC-PROD-18-DOCUMENT_ANALYSIS,PROD-18,DOCUMENT_ANALYSIS,COMPLETED,2026-08-22T08:25:42.660125,2026-08-22T08:25:43.660125,1000,1,98,Successfully ran DOCUMENT_ANALYSIS
PROC-PROD-18-EXTRACT,PROD-18,EXTRACT,COMPLETED,2026-08-22T08:25:42.660125,2026-08-22T08:25:43.660125,1000,1,98,Successfully ran EXTRACT
PROC-PROD-18-UNDERSTAND,PROD-18,UNDERSTAND,COMPLETED,2026-08-22T08:25:42.660125,2026-08-22T08:25:43.660125,1000,1,98,Successfully ran UNDERSTAND
PROC-PROD-18-NORMALIZE,PROD-18,NORMALIZE,COMPLETED,2026-08-22T08:25:42.660125,2026-08-22T08:25:43.660125,1000,1,98,Successfully ran NORMALIZE
PROC-PROD-18-TAXONOMY,PROD-18,TAXONOMY,COMPLETED,2026-08-22T08:25:42.660125,2026-08-22T08:25:43.660125,1000,1,98,Successfully ran TAXONOMY
PROC-PROD-18-COMPLIANCE,PROD-18,COMPLIANCE,COMPLETED,2026-08-22T08:25:42.660125,2026-08-22T08:25:43.660125,1000,1,98,Successfully ran COMPLIANCE
PROC-PROD-18-VALIDATION,PROD-18,VALIDATION,WARNING,2026-08-22T08:25:42.660125,2026-08-22T08:25:43.660125,1000,1,98,Successfully ran VALIDATION
PROC-PROD-18-PRODUCT_MATCHING,PROD-18,PRODUCT_MATCHING,COMPLETED,2026-08-22T08:25:42.660125,2026-08-22T08:25:43.660125,1000,1,98,Successfully ran PRODUCT_MATCHING
PROC-PROD-18-TRACEABILITY,PROD-18,TRACEABILITY,COMPLETED,2026-08-22T08:25:42.660125,2026-08-22T08:25:43.660125,1000,1,98,Successfully ran TRACEABILITY
PROC-PROD-18-INSIGHTS,PROD-18,INSIGHTS,COMPLETED,2026-08-22T08:25:42.660125,2026-08-22T08:25:43.660125,1000,1,98,Successfully ran INSIGHTS
PROC-PROD-18-HUMAN_REVIEW,PROD-18,HUMAN_REVIEW,COMPLETED,2026-08-22T08:25:42.660125,2026-08-22T08:25:43.660125,1000,1,98,Successfully ran HUMAN_REVIEW
PROC-PROD-18-GENERATE_RECORD,PROD-18,GENERATE_RECORD,COMPLETED,2026-08-22T08:25:42.660125,2026-08-22T08:25:43.660125,1000,1,98,Successfully ran GENERATE_RECORD
PROC-PROD-19-UPLOAD,PROD-19,UPLOAD,COMPLETED,2026-08-22T08:25:42.660125,2026-08-22T08:25:43.660125,1000,1,98,Successfully ran UPLOAD
PROC-PROD-19-DOCUMENT_ANALYSIS,PROD-19,DOCUMENT_ANALYSIS,COMPLETED,2026-08-22T08:25:42.660125,2026-08-22T08:25:43.660125,1000,1,98,Successfully ran DOCUMENT_ANALYSIS
PROC-PROD-19-EXTRACT,PROD-19,EXTRACT,COMPLETED,2026-08-22T08:25:42.660125,2026-08-22T08:25:43.660125,1000,1,98,Successfully ran EXTRACT
PROC-PROD-19-UNDERSTAND,PROD-19,UNDERSTAND,COMPLETED,2026-08-22T08:25:42.660125,2026-08-22T08:25:43.660125,1000,1,98,Successfully ran UNDERSTAND
PROC-PROD-19-NORMALIZE,PROD-19,NORMALIZE,COMPLETED,2026-08-22T08:25:42.660125,2026-08-22T08:25:43.660125,1000,1,98,Successfully ran NORMALIZE
PROC-PROD-19-TAXONOMY,PROD-19,TAXONOMY,COMPLETED,2026-08-22T08:25:42.660125,2026-08-22T08:25:43.660125,1000,1,98,Successfully ran TAXONOMY
PROC-PROD-19-COMPLIANCE,PROD-19,COMPLIANCE,COMPLETED,2026-08-22T08:25:42.660125,2026-08-22T08:25:43.660125,1000,1,98,Successfully ran COMPLIANCE
PROC-PROD-19-VALIDATION,PROD-19,VALIDATION,COMPLETED,2026-08-22T08:25:42.660125,2026-08-22T08:25:43.660125,1000,1,98,Successfully ran VALIDATION
PROC-PROD-19-PRODUCT_MATCHING,PROD-19,PRODUCT_MATCHING,COMPLETED,2026-08-22T08:25:42.660125,2026-08-22T08:25:43.660125,1000,1,98,Successfully ran PRODUCT_MATCHING
PROC-PROD-19-TRACEABILITY,PROD-19,TRACEABILITY,COMPLETED,2026-08-22T08:25:42.660125,2026-08-22T08:25:43.660125,1000,1,98,Successfully ran TRACEABILITY
PROC-PROD-19-INSIGHTS,PROD-19,INSIGHTS,COMPLETED,2026-08-22T08:25:42.660125,2026-08-22T08:25:43.660125,1000,1,98,Successfully ran INSIGHTS
PROC-PROD-19-HUMAN_REVIEW,PROD-19,HUMAN_REVIEW,COMPLETED,2026-08-22T08:25:42.660125,2026-08-22T08:25:43.660125,1000,1,98,Successfully ran HUMAN_REVIEW
PROC-PROD-19-GENERATE_RECORD,PROD-19,GENERATE_RECORD,COMPLETED,2026-08-22T08:25:42.660125,2026-08-22T08:25:43.660125,1000,1,98,Successfully ran GENERATE_RECORD
PROC-PROD-20-UPLOAD,PROD-20,UPLOAD,COMPLETED,2026-08-22T08:25:42.660125,2026-08-22T08:25:43.660125,1000,1,98,Successfully ran UPLOAD
PROC-PROD-20-DOCUMENT_ANALYSIS,PROD-20,DOCUMENT_ANALYSIS,COMPLETED,2026-08-22T08:25:42.660125,2026-08-22T08:25:43.660125,1000,1,98,Successfully ran DOCUMENT_ANALYSIS
PROC-PROD-20-EXTRACT,PROD-20,EXTRACT,COMPLETED,2026-08-22T08:25:42.660125,2026-08-22T08:25:43.660125,1000,1,98,Successfully ran EXTRACT
PROC-PROD-20-UNDERSTAND,PROD-20,UNDERSTAND,COMPLETED,2026-08-22T08:25:42.660125,2026-08-22T08:25:43.660125,1000,1,98,Successfully ran UNDERSTAND
PROC-PROD-20-NORMALIZE,PROD-20,NORMALIZE,COMPLETED,2026-08-22T08:25:42.660125,2026-08-22T08:25:43.660125,1000,1,98,Successfully ran NORMALIZE
PROC-PROD-20-TAXONOMY,PROD-20,TAXONOMY,COMPLETED,2026-08-22T08:25:42.660125,2026-08-22T08:25:43.660125,1000,1,98,Successfully ran TAXONOMY
PROC-PROD-20-COMPLIANCE,PROD-20,COMPLIANCE,COMPLETED,2026-08-22T08:25:42.660125,2026-08-22T08:25:43.660125,1000,1,98,Successfully ran COMPLIANCE
PROC-PROD-20-VALIDATION,PROD-20,VALIDATION,WARNING,2026-08-22T08:25:42.660125,2026-08-22T08:25:43.660125,1000,1,98,Successfully ran VALIDATION
PROC-PROD-20-PRODUCT_MATCHING,PROD-20,PRODUCT_MATCHING,COMPLETED,2026-08-22T08:25:42.660125,2026-08-22T08:25:43.660125,1000,1,98,Successfully ran PRODUCT_MATCHING
PROC-PROD-20-TRACEABILITY,PROD-20,TRACEABILITY,COMPLETED,2026-08-22T08:25:42.660125,2026-08-22T08:25:43.660125,1000,1,98,Successfully ran TRACEABILITY
PROC-PROD-20-INSIGHTS,PROD-20,INSIGHTS,COMPLETED,2026-08-22T08:25:42.660125,2026-08-22T08:25:43.660125,1000,1,98,Successfully ran INSIGHTS
PROC-PROD-20-HUMAN_REVIEW,PROD-20,HUMAN_REVIEW,COMPLETED,2026-08-22T08:25:42.660125,2026-08-22T08:25:43.660125,1000,1,98,Successfully ran HUMAN_REVIEW
PROC-PROD-20-GENERATE_RECORD,PROD-20,GENERATE_RECORD,COMPLETED,2026-08-22T08:25:42.660125,2026-08-22T08:25:43.660125,1000,1,98,Successfully ran GENERATE_RECORD
PROC-PROD-21-UPLOAD,PROD-21,UPLOAD,COMPLETED,2026-08-22T08:25:42.660125,2026-08-22T08:25:43.660125,1000,1,98,Successfully ran UPLOAD
PROC-PROD-21-DOCUMENT_ANALYSIS,PROD-21,DOCUMENT_ANALYSIS,COMPLETED,2026-08-22T08:25:42.660125,2026-08-22T08:25:43.660125,1000,1,98,Successfully ran DOCUMENT_ANALYSIS
PROC-PROD-21-EXTRACT,PROD-21,EXTRACT,COMPLETED,2026-08-22T08:25:42.660125,2026-08-22T08:25:43.660125,1000,1,98,Successfully ran EXTRACT
PROC-PROD-21-UNDERSTAND,PROD-21,UNDERSTAND,COMPLETED,2026-08-22T08:25:42.660125,2026-08-22T08:25:43.660125,1000,1,98,Successfully ran UNDERSTAND
PROC-PROD-21-NORMALIZE,PROD-21,NORMALIZE,COMPLETED,2026-08-22T08:25:42.660125,2026-08-22T08:25:43.660125,1000,1,98,Successfully ran NORMALIZE
PROC-PROD-21-TAXONOMY,PROD-21,TAXONOMY,COMPLETED,2026-08-22T08:25:42.660125,2026-08-22T08:25:43.660125,1000,1,98,Successfully ran TAXONOMY
PROC-PROD-21-COMPLIANCE,PROD-21,COMPLIANCE,COMPLETED,2026-08-22T08:25:42.660125,2026-08-22T08:25:43.660125,1000,1,98,Successfully ran COMPLIANCE
PROC-PROD-21-VALIDATION,PROD-21,VALIDATION,COMPLETED,2026-08-22T08:25:42.660125,2026-08-22T08:25:43.660125,1000,1,98,Successfully ran VALIDATION
PROC-PROD-21-PRODUCT_MATCHING,PROD-21,PRODUCT_MATCHING,COMPLETED,2026-08-22T08:25:42.660125,2026-08-22T08:25:43.660125,1000,1,98,Successfully ran PRODUCT_MATCHING
PROC-PROD-21-TRACEABILITY,PROD-21,TRACEABILITY,COMPLETED,2026-08-22T08:25:42.660125,2026-08-22T08:25:43.660125,1000,1,98,Successfully ran TRACEABILITY
PROC-PROD-21-INSIGHTS,PROD-21,INSIGHTS,COMPLETED,2026-08-22T08:25:42.660125,2026-08-22T08:25:43.660125,1000,1,98,Successfully ran INSIGHTS
PROC-PROD-21-HUMAN_REVIEW,PROD-21,HUMAN_REVIEW,COMPLETED,2026-08-22T08:25:42.660125,2026-08-22T08:25:43.660125,1000,1,98,Successfully ran HUMAN_REVIEW
PROC-PROD-21-GENERATE_RECORD,PROD-21,GENERATE_RECORD,COMPLETED,2026-08-22T08:25:42.660125,2026-08-22T08:25:43.660125,1000,1,98,Successfully ran GENERATE_RECORD
PROC-PROD-22-UPLOAD,PROD-22,UPLOAD,COMPLETED,2026-08-22T08:25:42.660125,2026-08-22T08:25:43.660125,1000,1,98,Successfully ran UPLOAD
PROC-PROD-22-DOCUMENT_ANALYSIS,PROD-22,DOCUMENT_ANALYSIS,COMPLETED,2026-08-22T08:25:42.660125,2026-08-22T08:25:43.660125,1000,1,98,Successfully ran DOCUMENT_ANALYSIS
PROC-PROD-22-EXTRACT,PROD-22,EXTRACT,COMPLETED,2026-08-22T08:25:42.660125,2026-08-22T08:25:43.660125,1000,1,98,Successfully ran EXTRACT
PROC-PROD-22-UNDERSTAND,PROD-22,UNDERSTAND,COMPLETED,2026-08-22T08:25:42.660125,2026-08-22T08:25:43.660125,1000,1,98,Successfully ran UNDERSTAND
PROC-PROD-22-NORMALIZE,PROD-22,NORMALIZE,COMPLETED,2026-08-22T08:25:42.660125,2026-08-22T08:25:43.660125,1000,1,98,Successfully ran NORMALIZE
PROC-PROD-22-TAXONOMY,PROD-22,TAXONOMY,COMPLETED,2026-08-22T08:25:42.660125,2026-08-22T08:25:43.660125,1000,1,98,Successfully ran TAXONOMY
PROC-PROD-22-COMPLIANCE,PROD-22,COMPLIANCE,COMPLETED,2026-08-22T08:25:42.660125,2026-08-22T08:25:43.660125,1000,1,98,Successfully ran COMPLIANCE
PROC-PROD-22-VALIDATION,PROD-22,VALIDATION,COMPLETED,2026-08-22T08:25:42.660125,2026-08-22T08:25:43.660125,1000,1,98,Successfully ran VALIDATION
PROC-PROD-22-PRODUCT_MATCHING,PROD-22,PRODUCT_MATCHING,COMPLETED,2026-08-22T08:25:42.660125,2026-08-22T08:25:43.660125,1000,1,98,Successfully ran PRODUCT_MATCHING
PROC-PROD-22-TRACEABILITY,PROD-22,TRACEABILITY,COMPLETED,2026-08-22T08:25:42.660125,2026-08-22T08:25:43.660125,1000,1,98,Successfully ran TRACEABILITY
PROC-PROD-22-INSIGHTS,PROD-22,INSIGHTS,COMPLETED,2026-08-22T08:25:42.660125,2026-08-22T08:25:43.660125,1000,1,98,Successfully ran INSIGHTS
PROC-PROD-22-HUMAN_REVIEW,PROD-22,HUMAN_REVIEW,COMPLETED,2026-08-22T08:25:42.660125,2026-08-22T08:25:43.660125,1000,1,98,Successfully ran HUMAN_REVIEW
PROC-PROD-22-GENERATE_RECORD,PROD-22,GENERATE_RECORD,COMPLETED,2026-08-22T08:25:42.660125,2026-08-22T08:25:43.660125,1000,1,98,Successfully ran GENERATE_RECORD
PROC-PROD-23-UPLOAD,PROD-23,UPLOAD,COMPLETED,2026-08-22T08:25:42.660125,2026-08-22T08:25:43.660125,1000,1,98,Successfully ran UPLOAD
PROC-PROD-23-DOCUMENT_ANALYSIS,PROD-23,DOCUMENT_ANALYSIS,COMPLETED,2026-08-22T08:25:42.660125,2026-08-22T08:25:43.660125,1000,1,98,Successfully ran DOCUMENT_ANALYSIS
PROC-PROD-23-EXTRACT,PROD-23,EXTRACT,COMPLETED,2026-08-22T08:25:42.660125,2026-08-22T08:25:43.660125,1000,1,98,Successfully ran EXTRACT
PROC-PROD-23-UNDERSTAND,PROD-23,UNDERSTAND,COMPLETED,2026-08-22T08:25:42.660125,2026-08-22T08:25:43.660125,1000,1,98,Successfully ran UNDERSTAND
PROC-PROD-23-NORMALIZE,PROD-23,NORMALIZE,COMPLETED,2026-08-22T08:25:42.660125,2026-08-22T08:25:43.660125,1000,1,98,Successfully ran NORMALIZE
PROC-PROD-23-TAXONOMY,PROD-23,TAXONOMY,COMPLETED,2026-08-22T08:25:42.660125,2026-08-22T08:25:43.660125,1000,1,98,Successfully ran TAXONOMY
PROC-PROD-23-COMPLIANCE,PROD-23,COMPLIANCE,COMPLETED,2026-08-22T08:25:42.660125,2026-08-22T08:25:43.660125,1000,1,98,Successfully ran COMPLIANCE
PROC-PROD-23-VALIDATION,PROD-23,VALIDATION,COMPLETED,2026-08-22T08:25:42.660125,2026-08-22T08:25:43.660125,1000,1,98,Successfully ran VALIDATION
PROC-PROD-23-PRODUCT_MATCHING,PROD-23,PRODUCT_MATCHING,COMPLETED,2026-08-22T08:25:42.660125,2026-08-22T08:25:43.660125,1000,1,98,Successfully ran PRODUCT_MATCHING
PROC-PROD-23-TRACEABILITY,PROD-23,TRACEABILITY,COMPLETED,2026-08-22T08:25:42.660125,2026-08-22T08:25:43.660125,1000,1,98,Successfully ran TRACEABILITY
PROC-PROD-23-INSIGHTS,PROD-23,INSIGHTS,COMPLETED,2026-08-22T08:25:42.660125,2026-08-22T08:25:43.660125,1000,1,98,Successfully ran INSIGHTS
PROC-PROD-23-HUMAN_REVIEW,PROD-23,HUMAN_REVIEW,COMPLETED,2026-08-22T08:25:42.660125,2026-08-22T08:25:43.660125,1000,1,98,Successfully ran HUMAN_REVIEW
PROC-PROD-23-GENERATE_RECORD,PROD-23,GENERATE_RECORD,COMPLETED,2026-08-22T08:25:42.660125,2026-08-22T08:25:43.660125,1000,1,98,Successfully ran GENERATE_RECORD
PROC-PROD-24-UPLOAD,PROD-24,UPLOAD,COMPLETED,2026-08-22T08:25:42.660125,2026-08-22T08:25:43.660125,1000,1,98,Successfully ran UPLOAD
PROC-PROD-24-DOCUMENT_ANALYSIS,PROD-24,DOCUMENT_ANALYSIS,COMPLETED,2026-08-22T08:25:42.660125,2026-08-22T08:25:43.660125,1000,1,98,Successfully ran DOCUMENT_ANALYSIS
PROC-PROD-24-EXTRACT,PROD-24,EXTRACT,COMPLETED,2026-08-22T08:25:42.660125,2026-08-22T08:25:43.660125,1000,1,98,Successfully ran EXTRACT
PROC-PROD-24-UNDERSTAND,PROD-24,UNDERSTAND,COMPLETED,2026-08-22T08:25:42.660125,2026-08-22T08:25:43.660125,1000,1,98,Successfully ran UNDERSTAND
PROC-PROD-24-NORMALIZE,PROD-24,NORMALIZE,COMPLETED,2026-08-22T08:25:42.660125,2026-08-22T08:25:43.660125,1000,1,98,Successfully ran NORMALIZE
PROC-PROD-24-TAXONOMY,PROD-24,TAXONOMY,COMPLETED,2026-08-22T08:25:42.660125,2026-08-22T08:25:43.660125,1000,1,98,Successfully ran TAXONOMY
PROC-PROD-24-COMPLIANCE,PROD-24,COMPLIANCE,COMPLETED,2026-08-22T08:25:42.660125,2026-08-22T08:25:43.660125,1000,1,98,Successfully ran COMPLIANCE
PROC-PROD-24-VALIDATION,PROD-24,VALIDATION,WARNING,2026-08-22T08:25:42.660125,2026-08-22T08:25:43.660125,1000,1,98,Successfully ran VALIDATION
PROC-PROD-24-PRODUCT_MATCHING,PROD-24,PRODUCT_MATCHING,COMPLETED,2026-08-22T08:25:42.660125,2026-08-22T08:25:43.660125,1000,1,98,Successfully ran PRODUCT_MATCHING
PROC-PROD-24-TRACEABILITY,PROD-24,TRACEABILITY,COMPLETED,2026-08-22T08:25:42.660125,2026-08-22T08:25:43.660125,1000,1,98,Successfully ran TRACEABILITY
PROC-PROD-24-INSIGHTS,PROD-24,INSIGHTS,COMPLETED,2026-08-22T08:25:42.660125,2026-08-22T08:25:43.660125,1000,1,98,Successfully ran INSIGHTS
PROC-PROD-24-HUMAN_REVIEW,PROD-24,HUMAN_REVIEW,COMPLETED,2026-08-22T08:25:42.660125,2026-08-22T08:25:43.660125,1000,1,98,Successfully ran HUMAN_REVIEW
PROC-PROD-24-GENERATE_RECORD,PROD-24,GENERATE_RECORD,COMPLETED,2026-08-22T08:25:42.660125,2026-08-22T08:25:43.660125,1000,1,98,Successfully ran GENERATE_RECORD
PROC-PROD-25-UPLOAD,PROD-25,UPLOAD,COMPLETED,2026-08-22T08:25:42.660125,2026-08-22T08:25:43.660125,1000,1,98,Successfully ran UPLOAD
PROC-PROD-25-DOCUMENT_ANALYSIS,PROD-25,DOCUMENT_ANALYSIS,COMPLETED,2026-08-22T08:25:42.660125,2026-08-22T08:25:43.660125,1000,1,98,Successfully ran DOCUMENT_ANALYSIS
PROC-PROD-25-EXTRACT,PROD-25,EXTRACT,COMPLETED,2026-08-22T08:25:42.660125,2026-08-22T08:25:43.660125,1000,1,98,Successfully ran EXTRACT
PROC-PROD-25-UNDERSTAND,PROD-25,UNDERSTAND,COMPLETED,2026-08-22T08:25:42.660125,2026-08-22T08:25:43.660125,1000,1,98,Successfully ran UNDERSTAND
PROC-PROD-25-NORMALIZE,PROD-25,NORMALIZE,COMPLETED,2026-08-22T08:25:42.660125,2026-08-22T08:25:43.660125,1000,1,98,Successfully ran NORMALIZE
PROC-PROD-25-TAXONOMY,PROD-25,TAXONOMY,COMPLETED,2026-08-22T08:25:42.660125,2026-08-22T08:25:43.660125,1000,1,98,Successfully ran TAXONOMY
PROC-PROD-25-COMPLIANCE,PROD-25,COMPLIANCE,COMPLETED,2026-08-22T08:25:42.660125,2026-08-22T08:25:43.660125,1000,1,98,Successfully ran COMPLIANCE
PROC-PROD-25-VALIDATION,PROD-25,VALIDATION,WARNING,2026-08-22T08:25:42.660125,2026-08-22T08:25:43.660125,1000,1,98,Successfully ran VALIDATION
PROC-PROD-25-PRODUCT_MATCHING,PROD-25,PRODUCT_MATCHING,COMPLETED,2026-08-22T08:25:42.660125,2026-08-22T08:25:43.660125,1000,1,98,Successfully ran PRODUCT_MATCHING
PROC-PROD-25-TRACEABILITY,PROD-25,TRACEABILITY,COMPLETED,2026-08-22T08:25:42.660125,2026-08-22T08:25:43.660125,1000,1,98,Successfully ran TRACEABILITY
PROC-PROD-25-INSIGHTS,PROD-25,INSIGHTS,COMPLETED,2026-08-22T08:25:42.660125,2026-08-22T08:25:43.660125,1000,1,98,Successfully ran INSIGHTS
PROC-PROD-25-HUMAN_REVIEW,PROD-25,HUMAN_REVIEW,COMPLETED,2026-08-22T08:25:42.660125,2026-08-22T08:25:43.660125,1000,1,98,Successfully ran HUMAN_REVIEW
PROC-PROD-25-GENERATE_RECORD,PROD-25,GENERATE_RECORD,COMPLETED,2026-08-22T08:25:42.660125,2026-08-22T08:25:43.660125,1000,1,98,Successfully ran GENERATE_RECORD
PROC-PROD-26-UPLOAD,PROD-26,UPLOAD,COMPLETED,2026-08-22T08:25:42.660125,2026-08-22T08:25:43.660125,1000,1,98,Successfully ran UPLOAD
PROC-PROD-26-DOCUMENT_ANALYSIS,PROD-26,DOCUMENT_ANALYSIS,COMPLETED,2026-08-22T08:25:42.660125,2026-08-22T08:25:43.660125,1000,1,98,Successfully ran DOCUMENT_ANALYSIS
PROC-PROD-26-EXTRACT,PROD-26,EXTRACT,COMPLETED,2026-08-22T08:25:42.660125,2026-08-22T08:25:43.660125,1000,1,98,Successfully ran EXTRACT
PROC-PROD-26-UNDERSTAND,PROD-26,UNDERSTAND,COMPLETED,2026-08-22T08:25:42.660125,2026-08-22T08:25:43.660125,1000,1,98,Successfully ran UNDERSTAND
PROC-PROD-26-NORMALIZE,PROD-26,NORMALIZE,COMPLETED,2026-08-22T08:25:42.660125,2026-08-22T08:25:43.660125,1000,1,98,Successfully ran NORMALIZE
PROC-PROD-26-TAXONOMY,PROD-26,TAXONOMY,COMPLETED,2026-08-22T08:25:42.660125,2026-08-22T08:25:43.660125,1000,1,98,Successfully ran TAXONOMY
PROC-PROD-26-COMPLIANCE,PROD-26,COMPLIANCE,COMPLETED,2026-08-22T08:25:42.660125,2026-08-22T08:25:43.660125,1000,1,98,Successfully ran COMPLIANCE
PROC-PROD-26-VALIDATION,PROD-26,VALIDATION,COMPLETED,2026-08-22T08:25:42.660125,2026-08-22T08:25:43.660125,1000,1,98,Successfully ran VALIDATION
PROC-PROD-26-PRODUCT_MATCHING,PROD-26,PRODUCT_MATCHING,COMPLETED,2026-08-22T08:25:42.660125,2026-08-22T08:25:43.660125,1000,1,98,Successfully ran PRODUCT_MATCHING
PROC-PROD-26-TRACEABILITY,PROD-26,TRACEABILITY,COMPLETED,2026-08-22T08:25:42.660125,2026-08-22T08:25:43.660125,1000,1,98,Successfully ran TRACEABILITY
PROC-PROD-26-INSIGHTS,PROD-26,INSIGHTS,COMPLETED,2026-08-22T08:25:42.660125,2026-08-22T08:25:43.660125,1000,1,98,Successfully ran INSIGHTS
PROC-PROD-26-HUMAN_REVIEW,PROD-26,HUMAN_REVIEW,COMPLETED,2026-08-22T08:25:42.660125,2026-08-22T08:25:43.660125,1000,1,98,Successfully ran HUMAN_REVIEW
PROC-PROD-26-GENERATE_RECORD,PROD-26,GENERATE_RECORD,COMPLETED,2026-08-22T08:25:42.660125,2026-08-22T08:25:43.660125,1000,1,98,Successfully ran GENERATE_RECORD
PROC-PROD-27-UPLOAD,PROD-27,UPLOAD,COMPLETED,2026-08-22T08:25:42.660125,2026-08-22T08:25:43.660125,1000,1,98,Successfully ran UPLOAD
PROC-PROD-27-DOCUMENT_ANALYSIS,PROD-27,DOCUMENT_ANALYSIS,COMPLETED,2026-08-22T08:25:42.660125,2026-08-22T08:25:43.660125,1000,1,98,Successfully ran DOCUMENT_ANALYSIS
PROC-PROD-27-EXTRACT,PROD-27,EXTRACT,COMPLETED,2026-08-22T08:25:42.660125,2026-08-22T08:25:43.660125,1000,1,98,Successfully ran EXTRACT
PROC-PROD-27-UNDERSTAND,PROD-27,UNDERSTAND,COMPLETED,2026-08-22T08:25:42.660125,2026-08-22T08:25:43.660125,1000,1,98,Successfully ran UNDERSTAND
PROC-PROD-27-NORMALIZE,PROD-27,NORMALIZE,COMPLETED,2026-08-22T08:25:42.660125,2026-08-22T08:25:43.660125,1000,1,98,Successfully ran NORMALIZE
PROC-PROD-27-TAXONOMY,PROD-27,TAXONOMY,COMPLETED,2026-08-22T08:25:42.660125,2026-08-22T08:25:43.660125,1000,1,98,Successfully ran TAXONOMY
PROC-PROD-27-COMPLIANCE,PROD-27,COMPLIANCE,COMPLETED,2026-08-22T08:25:42.660125,2026-08-22T08:25:43.660125,1000,1,98,Successfully ran COMPLIANCE
PROC-PROD-27-VALIDATION,PROD-27,VALIDATION,COMPLETED,2026-08-22T08:25:42.660125,2026-08-22T08:25:43.660125,1000,1,98,Successfully ran VALIDATION
PROC-PROD-27-PRODUCT_MATCHING,PROD-27,PRODUCT_MATCHING,COMPLETED,2026-08-22T08:25:42.660125,2026-08-22T08:25:43.660125,1000,1,98,Successfully ran PRODUCT_MATCHING
PROC-PROD-27-TRACEABILITY,PROD-27,TRACEABILITY,COMPLETED,2026-08-22T08:25:42.660125,2026-08-22T08:25:43.660125,1000,1,98,Successfully ran TRACEABILITY
PROC-PROD-27-INSIGHTS,PROD-27,INSIGHTS,COMPLETED,2026-08-22T08:25:42.660125,2026-08-22T08:25:43.660125,1000,1,98,Successfully ran INSIGHTS
PROC-PROD-27-HUMAN_REVIEW,PROD-27,HUMAN_REVIEW,COMPLETED,2026-08-22T08:25:42.660125,2026-08-22T08:25:43.660125,1000,1,98,Successfully ran HUMAN_REVIEW
PROC-PROD-27-GENERATE_RECORD,PROD-27,GENERATE_RECORD,COMPLETED,2026-08-22T08:25:42.660125,2026-08-22T08:25:43.660125,1000,1,98,Successfully ran GENERATE_RECORD
PROC-PROD-28-UPLOAD,PROD-28,UPLOAD,COMPLETED,2026-08-22T08:25:42.660125,2026-08-22T08:25:43.660125,1000,1,98,Successfully ran UPLOAD
PROC-PROD-28-DOCUMENT_ANALYSIS,PROD-28,DOCUMENT_ANALYSIS,COMPLETED,2026-08-22T08:25:42.660125,2026-08-22T08:25:43.660125,1000,1,98,Successfully ran DOCUMENT_ANALYSIS
PROC-PROD-28-EXTRACT,PROD-28,EXTRACT,COMPLETED,2026-08-22T08:25:42.660125,2026-08-22T08:25:43.660125,1000,1,98,Successfully ran EXTRACT
PROC-PROD-28-UNDERSTAND,PROD-28,UNDERSTAND,COMPLETED,2026-08-22T08:25:42.660125,2026-08-22T08:25:43.660125,1000,1,98,Successfully ran UNDERSTAND
PROC-PROD-28-NORMALIZE,PROD-28,NORMALIZE,COMPLETED,2026-08-22T08:25:42.660125,2026-08-22T08:25:43.660125,1000,1,98,Successfully ran NORMALIZE
PROC-PROD-28-TAXONOMY,PROD-28,TAXONOMY,COMPLETED,2026-08-22T08:25:42.660125,2026-08-22T08:25:43.660125,1000,1,98,Successfully ran TAXONOMY
PROC-PROD-28-COMPLIANCE,PROD-28,COMPLIANCE,COMPLETED,2026-08-22T08:25:42.660125,2026-08-22T08:25:43.660125,1000,1,98,Successfully ran COMPLIANCE
PROC-PROD-28-VALIDATION,PROD-28,VALIDATION,COMPLETED,2026-08-22T08:25:42.660125,2026-08-22T08:25:43.660125,1000,1,98,Successfully ran VALIDATION
PROC-PROD-28-PRODUCT_MATCHING,PROD-28,PRODUCT_MATCHING,COMPLETED,2026-08-22T08:25:42.660125,2026-08-22T08:25:43.660125,1000,1,98,Successfully ran PRODUCT_MATCHING
PROC-PROD-28-TRACEABILITY,PROD-28,TRACEABILITY,COMPLETED,2026-08-22T08:25:42.660125,2026-08-22T08:25:43.660125,1000,1,98,Successfully ran TRACEABILITY
PROC-PROD-28-INSIGHTS,PROD-28,INSIGHTS,COMPLETED,2026-08-22T08:25:42.660125,2026-08-22T08:25:43.660125,1000,1,98,Successfully ran INSIGHTS
PROC-PROD-28-HUMAN_REVIEW,PROD-28,HUMAN_REVIEW,COMPLETED,2026-08-22T08:25:42.660125,2026-08-22T08:25:43.660125,1000,1,98,Successfully ran HUMAN_REVIEW
PROC-PROD-28-GENERATE_RECORD,PROD-28,GENERATE_RECORD,COMPLETED,2026-08-22T08:25:42.660125,2026-08-22T08:25:43.660125,1000,1,98,Successfully ran GENERATE_RECORD
PROC-PROD-29-UPLOAD,PROD-29,UPLOAD,COMPLETED,2026-08-22T08:25:42.660125,2026-08-22T08:25:43.660125,1000,1,98,Successfully ran UPLOAD
PROC-PROD-29-DOCUMENT_ANALYSIS,PROD-29,DOCUMENT_ANALYSIS,COMPLETED,2026-08-22T08:25:42.660125,2026-08-22T08:25:43.660125,1000,1,98,Successfully ran DOCUMENT_ANALYSIS
PROC-PROD-29-EXTRACT,PROD-29,EXTRACT,COMPLETED,2026-08-22T08:25:42.660125,2026-08-22T08:25:43.660125,1000,1,98,Successfully ran EXTRACT
PROC-PROD-29-UNDERSTAND,PROD-29,UNDERSTAND,COMPLETED,2026-08-22T08:25:42.660125,2026-08-22T08:25:43.660125,1000,1,98,Successfully ran UNDERSTAND
PROC-PROD-29-NORMALIZE,PROD-29,NORMALIZE,COMPLETED,2026-08-22T08:25:42.660125,2026-08-22T08:25:43.660125,1000,1,98,Successfully ran NORMALIZE
PROC-PROD-29-TAXONOMY,PROD-29,TAXONOMY,COMPLETED,2026-08-22T08:25:42.660125,2026-08-22T08:25:43.660125,1000,1,98,Successfully ran TAXONOMY
PROC-PROD-29-COMPLIANCE,PROD-29,COMPLIANCE,COMPLETED,2026-08-22T08:25:42.660125,2026-08-22T08:25:43.660125,1000,1,98,Successfully ran COMPLIANCE
PROC-PROD-29-VALIDATION,PROD-29,VALIDATION,WARNING,2026-08-22T08:25:42.660125,2026-08-22T08:25:43.660125,1000,1,98,Successfully ran VALIDATION
PROC-PROD-29-PRODUCT_MATCHING,PROD-29,PRODUCT_MATCHING,COMPLETED,2026-08-22T08:25:42.660125,2026-08-22T08:25:43.660125,1000,1,98,Successfully ran PRODUCT_MATCHING
PROC-PROD-29-TRACEABILITY,PROD-29,TRACEABILITY,COMPLETED,2026-08-22T08:25:42.660125,2026-08-22T08:25:43.660125,1000,1,98,Successfully ran TRACEABILITY
PROC-PROD-29-INSIGHTS,PROD-29,INSIGHTS,COMPLETED,2026-08-22T08:25:42.660125,2026-08-22T08:25:43.660125,1000,1,98,Successfully ran INSIGHTS
PROC-PROD-29-HUMAN_REVIEW,PROD-29,HUMAN_REVIEW,COMPLETED,2026-08-22T08:25:42.660125,2026-08-22T08:25:43.660125,1000,1,98,Successfully ran HUMAN_REVIEW
PROC-PROD-29-GENERATE_RECORD,PROD-29,GENERATE_RECORD,COMPLETED,2026-08-22T08:25:42.660125,2026-08-22T08:25:43.660125,1000,1,98,Successfully ran GENERATE_RECORD
PROC-PROD-30-UPLOAD,PROD-30,UPLOAD,COMPLETED,2026-08-22T08:25:42.660125,2026-08-22T08:25:43.660125,1000,1,98,Successfully ran UPLOAD
PROC-PROD-30-DOCUMENT_ANALYSIS,PROD-30,DOCUMENT_ANALYSIS,COMPLETED,2026-08-22T08:25:42.660125,2026-08-22T08:25:43.660125,1000,1,98,Successfully ran DOCUMENT_ANALYSIS
PROC-PROD-30-EXTRACT,PROD-30,EXTRACT,COMPLETED,2026-08-22T08:25:42.660125,2026-08-22T08:25:43.660125,1000,1,98,Successfully ran EXTRACT
PROC-PROD-30-UNDERSTAND,PROD-30,UNDERSTAND,COMPLETED,2026-08-22T08:25:42.660125,2026-08-22T08:25:43.660125,1000,1,98,Successfully ran UNDERSTAND
PROC-PROD-30-NORMALIZE,PROD-30,NORMALIZE,COMPLETED,2026-08-22T08:25:42.660125,2026-08-22T08:25:43.660125,1000,1,98,Successfully ran NORMALIZE
PROC-PROD-30-TAXONOMY,PROD-30,TAXONOMY,COMPLETED,2026-08-22T08:25:42.660125,2026-08-22T08:25:43.660125,1000,1,98,Successfully ran TAXONOMY
PROC-PROD-30-COMPLIANCE,PROD-30,COMPLIANCE,COMPLETED,2026-08-22T08:25:42.660125,2026-08-22T08:25:43.660125,1000,1,98,Successfully ran COMPLIANCE
PROC-PROD-30-VALIDATION,PROD-30,VALIDATION,COMPLETED,2026-08-22T08:25:42.660125,2026-08-22T08:25:43.660125,1000,1,98,Successfully ran VALIDATION
PROC-PROD-30-PRODUCT_MATCHING,PROD-30,PRODUCT_MATCHING,COMPLETED,2026-08-22T08:25:42.660125,2026-08-22T08:25:43.660125,1000,1,98,Successfully ran PRODUCT_MATCHING
PROC-PROD-30-TRACEABILITY,PROD-30,TRACEABILITY,COMPLETED,2026-08-22T08:25:42.660125,2026-08-22T08:25:43.660125,1000,1,98,Successfully ran TRACEABILITY
PROC-PROD-30-INSIGHTS,PROD-30,INSIGHTS,COMPLETED,2026-08-22T08:25:42.660125,2026-08-22T08:25:43.660125,1000,1,98,Successfully ran INSIGHTS
PROC-PROD-30-HUMAN_REVIEW,PROD-30,HUMAN_REVIEW,COMPLETED,2026-08-22T08:25:42.660125,2026-08-22T08:25:43.660125,1000,1,98,Successfully ran HUMAN_REVIEW
PROC-PROD-30-GENERATE_RECORD,PROD-30,GENERATE_RECORD,COMPLETED,2026-08-22T08:25:42.660125,2026-08-22T08:25:43.660125,1000,1,98,Successfully ran GENERATE_RECORD
