evidence_id,product_id,attribute_name,value,document_id,page_number,section,table_name,source_text,evidence_type,bounding_box,confidence,verification_status
EVID-PROD-01-RatedVoltage,PROD-01,Rated Voltage,376,DOC-PROD-01,2,Tech Specs,Table 1,Rated Voltage: 376 V,Text,"x=120,y=350,w=280,h=45",98,PASSED
EVID-PROD-01-RatedCurrent,PROD-01,Rated Current,372,DOC-PROD-01,2,Tech Specs,Table 1,Rated Current: 372 A,Text,"x=120,y=350,w=280,h=45",98,PASSED
EVID-PROD-01-BreakingCapacity,PROD-01,Breaking Capacity,201,DOC-PROD-01,2,Tech Specs,Table 1,Breaking Capacity: 201 kA,Text,"x=120,y=350,w=280,h=45",98,PASSED
EVID-PROD-01-Poles,PROD-01,Poles,16,DOC-PROD-01,2,Tech Specs,Table 1,Poles: 16 Count,Text,"x=120,y=350,w=280,h=45",98,PASSED
EVID-PROD-01-Weight,PROD-01,Weight,454,DOC-PROD-01,2,Tech Specs,Table 1,Weight: 454 kg,Text,"x=120,y=350,w=280,h=45",98,PASSED
EVID-PROD-02-RatedVoltage,PROD-02,Rated Voltage,279,DOC-PROD-02,2,Tech Specs,Table 1,Rated Voltage: 279 V,Text,"x=120,y=350,w=280,h=45",98,PASSED
EVID-PROD-02-RatedCurrent,PROD-02,Rated Current,75,DOC-PROD-02,2,Tech Specs,Table 1,Rated Current: 75 A,Text,"x=120,y=350,w=280,h=45",98,PASSED
EVID-PROD-02-BreakingCapacity,PROD-02,Breaking Capacity,10,DOC-PROD-02,2,Tech Specs,Table 1,Breaking Capacity: 10 kA,Text,"x=120,y=350,w=280,h=45",98,PASSED
EVID-PROD-02-Poles,PROD-02,Poles,138,DOC-PROD-02,2,Tech Specs,Table 1,Poles: 138 Count,Text,"x=120,y=350,w=280,h=45",98,PASSED
EVID-PROD-02-Weight,PROD-02,Weight,27,DOC-PROD-02,2,Tech Specs,Table 1,Weight: 27 kg,Text,"x=120,y=350,w=280,h=45",98,PASSED
EVID-PROD-03-RatedCurrent,PROD-03,Rated Current,347,DOC-PROD-03,2,Tech Specs,Table 1,Rated Current: 347 A,Text,"x=120,y=350,w=280,h=45",98,PASSED
EVID-PROD-03-Poles,PROD-03,Poles,120,DOC-PROD-03,2,Tech Specs,Table 1,Poles: 120 Count,Text,"x=120,y=350,w=280,h=45",98,PASSED
EVID-PROD-03-Weight,PROD-03,Weight,207,DOC-PROD-03,2,Tech Specs,Table 1,Weight: 207 kg,Text,"x=120,y=350,w=280,h=45",98,PASSED
EVID-PROD-04-RatedVoltage,PROD-04,Rated Voltage,35,DOC-PROD-04,2,Tech Specs,Table 1,Rated Voltage: 35 V,Text,"x=120,y=350,w=280,h=45",98,PASSED
EVID-PROD-04-RatedCurrent,PROD-04,Rated Current,54,DOC-PROD-04,2,Tech Specs,Table 1,Rated Current: 54 A,Text,"x=120,y=350,w=280,h=45",98,PASSED
EVID-PROD-04-CrossSection,PROD-04,Cross Section,23,DOC-PROD-04,2,Tech Specs,Table 1,Cross Section: 23 mm²,Text,"x=120,y=350,w=280,h=45",98,PASSED
EVID-PROD-04-MountingType,PROD-04,Mounting Type,188,DOC-PROD-04,2,Tech Specs,Table 1,Mounting Type: 188 String,Text,"x=120,y=350,w=280,h=45",98,PASSED
EVID-PROD-05-RatedVoltage,PROD-05,Rated Voltage,41,DOC-PROD-05,2,Tech Specs,Table 1,Rated Voltage: 41 V,Text,"x=120,y=350,w=280,h=45",98,PASSED
EVID-PROD-05-RatedCurrent,PROD-05,Rated Current,73,DOC-PROD-05,2,Tech Specs,Table 1,Rated Current: 73 A,Text,"x=120,y=350,w=280,h=45",98,PASSED
EVID-PROD-05-CrossSection,PROD-05,Cross Section,488,DOC-PROD-05,2,Tech Specs,Table 1,Cross Section: 488 mm²,Text,"x=120,y=350,w=280,h=45",98,PASSED
EVID-PROD-05-MountingType,PROD-05,Mounting Type,307,DOC-PROD-05,2,Tech Specs,Table 1,Mounting Type: 307 String,Text,"x=120,y=350,w=280,h=45",98,PASSED
EVID-PROD-06-RatedVoltage,PROD-06,Rated Voltage,145,DOC-PROD-06,2,Tech Specs,Table 1,Rated Voltage: 145 V,Text,"x=120,y=350,w=280,h=45",65,PASSED
EVID-PROD-06-RatedCurrent,PROD-06,Rated Current,159,DOC-PROD-06,2,Tech Specs,Table 1,Rated Current: 159 A,Text,"x=120,y=350,w=280,h=45",65,PASSED
EVID-PROD-06-CrossSection,PROD-06,Cross Section,172,DOC-PROD-06,2,Tech Specs,Table 1,Cross Section: 172 mm²,Text,"x=120,y=350,w=280,h=45",65,PASSED
EVID-PROD-06-MountingType,PROD-06,Mounting Type,442,DOC-PROD-06,2,Tech Specs,Table 1,Mounting Type: 442 String,Text,"x=120,y=350,w=280,h=45",65,PASSED
EVID-PROD-07-CoilVoltage,PROD-07,Coil Voltage,364,DOC-PROD-07,2,Tech Specs,Table 1,Coil Voltage: 364 V,Text,"x=120,y=350,w=280,h=45",98,PASSED
EVID-PROD-07-RatedCurrent,PROD-07,Rated Current,141,DOC-PROD-07,2,Tech Specs,Table 1,Rated Current: 141 A,Text,"x=120,y=350,w=280,h=45",98,PASSED
EVID-PROD-07-Poles,PROD-07,Poles,176,DOC-PROD-07,2,Tech Specs,Table 1,Poles: 176 Count,Text,"x=120,y=350,w=280,h=45",98,PASSED
EVID-PROD-08-CoilVoltage,PROD-08,Coil Voltage,14,DOC-PROD-08,2,Tech Specs,Table 1,Coil Voltage: 14 V,Text,"x=120,y=350,w=280,h=45",98,PASSED
EVID-PROD-08-RatedCurrent,PROD-08,Rated Current,482,DOC-PROD-08,2,Tech Specs,Table 1,Rated Current: 482 A,Text,"x=120,y=350,w=280,h=45",98,PASSED
EVID-PROD-08-Poles,PROD-08,Poles,12,DOC-PROD-08,2,Tech Specs,Table 1,Poles: 12 Count,Text,"x=120,y=350,w=280,h=45",98,PASSED
EVID-PROD-09-CoilVoltage,PROD-09,Coil Voltage,164,DOC-PROD-09,2,Tech Specs,Table 1,Coil Voltage: 164 V,Text,"x=120,y=350,w=280,h=45",98,PASSED
EVID-PROD-09-RatedCurrent,PROD-09,Rated Current,168,DOC-PROD-09,2,Tech Specs,Table 1,Rated Current: 168 A,Text,"x=120,y=350,w=280,h=45",98,PASSED
EVID-PROD-09-Poles,PROD-09,Poles,12,DOC-PROD-09,2,Tech Specs,Table 1,Poles: 12 Count,Text,"x=120,y=350,w=280,h=45",98,PASSED
EVID-PROD-10-CoilVoltage,PROD-10,Coil Voltage,299,DOC-PROD-10,2,Tech Specs,Table 1,Coil Voltage: 299 V,Text,"x=120,y=350,w=280,h=45",98,PASSED
EVID-PROD-10-ContactRating,PROD-10,Contact Rating,419,DOC-PROD-10,2,Tech Specs,Table 1,Contact Rating: 419 A,Text,"x=120,y=350,w=280,h=45",98,PASSED
EVID-PROD-10-Configuration,PROD-10,Configuration,136,DOC-PROD-10,2,Tech Specs,Table 1,Configuration: 136 String,Text,"x=120,y=350,w=280,h=45",98,PASSED
EVID-PROD-11-CoilVoltage,PROD-11,Coil Voltage,281,DOC-PROD-11,2,Tech Specs,Table 1,Coil Voltage: 281 V,Text,"x=120,y=350,w=280,h=45",98,PASSED
EVID-PROD-11-ContactRating,PROD-11,Contact Rating,280,DOC-PROD-11,2,Tech Specs,Table 1,Contact Rating: 280 A,Text,"x=120,y=350,w=280,h=45",98,PASSED
EVID-PROD-11-Configuration,PROD-11,Configuration,446,DOC-PROD-11,2,Tech Specs,Table 1,Configuration: 446 String,Text,"x=120,y=350,w=280,h=45",98,PASSED
EVID-PROD-12-CoilVoltage,PROD-12,Coil Voltage,318,DOC-PROD-12,2,Tech Specs,Table 1,Coil Voltage: 318 V,Text,"x=120,y=350,w=280,h=45",98,PASSED
EVID-PROD-12-ContactRating,PROD-12,Contact Rating,137,DOC-PROD-12,2,Tech Specs,Table 1,Contact Rating: 137 A,Text,"x=120,y=350,w=280,h=45",98,PASSED
EVID-PROD-12-Configuration,PROD-12,Configuration,34,DOC-PROD-12,2,Tech Specs,Table 1,Configuration: 34 String,Text,"x=120,y=350,w=280,h=45",98,PASSED
EVID-PROD-13-CoilVoltage,PROD-13,Coil Voltage,185,DOC-PROD-13,2,Tech Specs,Table 1,Coil Voltage: 185 V,Text,"x=120,y=350,w=280,h=45",98,PASSED
EVID-PROD-13-ContactRating,PROD-13,Contact Rating,488,DOC-PROD-13,2,Tech Specs,Table 1,Contact Rating: 488 A,Text,"x=120,y=350,w=280,h=45",98,PASSED
EVID-PROD-13-Configuration,PROD-13,Configuration,371,DOC-PROD-13,2,Tech Specs,Table 1,Configuration: 371 String,Text,"x=120,y=350,w=280,h=45",98,PASSED
EVID-PROD-14-SensingRange,PROD-14,Sensing Range,252,DOC-PROD-14,2,Tech Specs,Table 1,Sensing Range: 252 mm,Text,"x=120,y=350,w=280,h=45",98,PASSED
EVID-PROD-14-OutputType,PROD-14,Output Type,52,DOC-PROD-14,2,Tech Specs,Table 1,Output Type: 52 String,Text,"x=120,y=350,w=280,h=45",98,PASSED
EVID-PROD-14-IPRating,PROD-14,IP Rating,138,DOC-PROD-14,2,Tech Specs,Table 1,IP Rating: 138 String,Text,"x=120,y=350,w=280,h=45",98,PASSED
EVID-PROD-15-OutputType,PROD-15,Output Type,44,DOC-PROD-15,2,Tech Specs,Table 1,Output Type: 44 String,Text,"x=120,y=350,w=280,h=45",98,PASSED
EVID-PROD-15-IPRating,PROD-15,IP Rating,443,DOC-PROD-15,2,Tech Specs,Table 1,IP Rating: 443 String,Text,"x=120,y=350,w=280,h=45",98,PASSED
EVID-PROD-16-TemperatureRange,PROD-16,Temperature Range,104,DOC-PROD-16,2,Tech Specs,Table 1,Temperature Range: 104 °C,Text,"x=120,y=350,w=280,h=45",98,PASSED
EVID-PROD-16-SensorType,PROD-16,Sensor Type,201,DOC-PROD-16,2,Tech Specs,Table 1,Sensor Type: 201 String,Text,"x=120,y=350,w=280,h=45",98,PASSED
EVID-PROD-16-Accuracy,PROD-16,Accuracy,144,DOC-PROD-16,2,Tech Specs,Table 1,Accuracy: 144 %,Text,"x=120,y=350,w=280,h=45",98,PASSED
EVID-PROD-17-TemperatureRange,PROD-17,Temperature Range,192,DOC-PROD-17,2,Tech Specs,Table 1,Temperature Range: 192 °C,Text,"x=120,y=350,w=280,h=45",65,PASSED
EVID-PROD-17-SensorType,PROD-17,Sensor Type,51,DOC-PROD-17,2,Tech Specs,Table 1,Sensor Type: 51 String,Text,"x=120,y=350,w=280,h=45",65,PASSED
EVID-PROD-17-Accuracy,PROD-17,Accuracy,68,DOC-PROD-17,2,Tech Specs,Table 1,Accuracy: 68 %,Text,"x=120,y=350,w=280,h=45",65,PASSED
EVID-PROD-18-TemperatureRange,PROD-18,Temperature Range,224,DOC-PROD-18,2,Tech Specs,Table 1,Temperature Range: 224 °C,Text,"x=120,y=350,w=280,h=45",98,PASSED
EVID-PROD-18-SensorType,PROD-18,Sensor Type,304,DOC-PROD-18,2,Tech Specs,Table 1,Sensor Type: 304 String,Text,"x=120,y=350,w=280,h=45",98,PASSED
EVID-PROD-18-Accuracy,PROD-18,Accuracy,224,DOC-PROD-18,2,Tech Specs,Table 1,Accuracy: 224 %,Text,"x=120,y=350,w=280,h=45",98,PASSED
EVID-PROD-19-PressureRange,PROD-19,Pressure Range,443,DOC-PROD-19,2,Tech Specs,Table 1,Pressure Range: 443 bar,Text,"x=120,y=350,w=280,h=45",98,PASSED
EVID-PROD-19-OutputSignal,PROD-19,Output Signal,339,DOC-PROD-19,2,Tech Specs,Table 1,Output Signal: 339 mA,Text,"x=120,y=350,w=280,h=45",98,PASSED
EVID-PROD-19-Connection,PROD-19,Connection,187,DOC-PROD-19,2,Tech Specs,Table 1,Connection: 187 String,Text,"x=120,y=350,w=280,h=45",98,PASSED
EVID-PROD-20-PressureRange,PROD-20,Pressure Range,149,DOC-PROD-20,2,Tech Specs,Table 1,Pressure Range: 149 bar,Text,"x=120,y=350,w=280,h=45",98,PASSED
EVID-PROD-20-OutputSignal,PROD-20,Output Signal,438,DOC-PROD-20,2,Tech Specs,Table 1,Output Signal: 438 mA,Text,"x=120,y=350,w=280,h=45",98,PASSED
EVID-PROD-20-Connection,PROD-20,Connection,92,DOC-PROD-20,2,Tech Specs,Table 1,Connection: 92 String,Text,"x=120,y=350,w=280,h=45",98,PASSED
EVID-PROD-21-RatedVoltage,PROD-21,Rated Voltage,294,DOC-PROD-21,2,Tech Specs,Table 1,Rated Voltage: 294 V,Text,"x=120,y=350,w=280,h=45",98,PASSED
EVID-PROD-21-RatedCurrent,PROD-21,Rated Current,201,DOC-PROD-21,2,Tech Specs,Table 1,Rated Current: 201 A,Text,"x=120,y=350,w=280,h=45",98,PASSED
EVID-PROD-21-Pins,PROD-21,Pins,80,DOC-PROD-21,2,Tech Specs,Table 1,Pins: 80 Count,Text,"x=120,y=350,w=280,h=45",98,PASSED
EVID-PROD-21-IPRating,PROD-21,IP Rating,32,DOC-PROD-21,2,Tech Specs,Table 1,IP Rating: 32 String,Text,"x=120,y=350,w=280,h=45",98,PASSED
EVID-PROD-22-RatedVoltage,PROD-22,Rated Voltage,470,DOC-PROD-22,2,Tech Specs,Table 1,Rated Voltage: 470 V,Text,"x=120,y=350,w=280,h=45",98,PASSED
EVID-PROD-22-RatedCurrent,PROD-22,Rated Current,452,DOC-PROD-22,2,Tech Specs,Table 1,Rated Current: 452 A,Text,"x=120,y=350,w=280,h=45",98,PASSED
EVID-PROD-22-Pins,PROD-22,Pins,300,DOC-PROD-22,2,Tech Specs,Table 1,Pins: 300 Count,Text,"x=120,y=350,w=280,h=45",98,PASSED
EVID-PROD-22-IPRating,PROD-22,IP Rating,324,DOC-PROD-22,2,Tech Specs,Table 1,IP Rating: 324 String,Text,"x=120,y=350,w=280,h=45",98,PASSED
EVID-PROD-23-ContactConfig,PROD-23,Contact Config,253,DOC-PROD-23,2,Tech Specs,Table 1,Contact Config: 253 String,Text,"x=120,y=350,w=280,h=45",98,PASSED
EVID-PROD-23-RatedVoltage,PROD-23,Rated Voltage,156,DOC-PROD-23,2,Tech Specs,Table 1,Rated Voltage: 156 V,Text,"x=120,y=350,w=280,h=45",98,PASSED
EVID-PROD-23-IPRating,PROD-23,IP Rating,303,DOC-PROD-23,2,Tech Specs,Table 1,IP Rating: 303 String,Text,"x=120,y=350,w=280,h=45",98,PASSED
EVID-PROD-24-IPRating,PROD-24,IP Rating,257,DOC-PROD-24,2,Tech Specs,Table 1,IP Rating: 257 String,Text,"x=120,y=350,w=280,h=45",98,PASSED
EVID-PROD-25-ContactConfig,PROD-25,Contact Config,221,DOC-PROD-25,2,Tech Specs,Table 1,Contact Config: 221 String,Text,"x=120,y=350,w=280,h=45",98,PASSED
EVID-PROD-25-RatedVoltage,PROD-25,Rated Voltage,133,DOC-PROD-25,2,Tech Specs,Table 1,Rated Voltage: 133 V,Text,"x=120,y=350,w=280,h=45",98,PASSED
EVID-PROD-25-IPRating,PROD-25,IP Rating,133,DOC-PROD-25,2,Tech Specs,Table 1,IP Rating: 133 String,Text,"x=120,y=350,w=280,h=45",98,PASSED
EVID-PROD-26-InputVoltage,PROD-26,Input Voltage,37,DOC-PROD-26,2,Tech Specs,Table 1,Input Voltage: 37 V,Text,"x=120,y=350,w=280,h=45",98,PASSED
EVID-PROD-26-OutputVoltage,PROD-26,Output Voltage,83,DOC-PROD-26,2,Tech Specs,Table 1,Output Voltage: 83 V,Text,"x=120,y=350,w=280,h=45",98,PASSED
EVID-PROD-26-OutputCurrent,PROD-26,Output Current,216,DOC-PROD-26,2,Tech Specs,Table 1,Output Current: 216 A,Text,"x=120,y=350,w=280,h=45",98,PASSED
EVID-PROD-27-InputVoltage,PROD-27,Input Voltage,387,DOC-PROD-27,2,Tech Specs,Table 1,Input Voltage: 387 V,Text,"x=120,y=350,w=280,h=45",98,PASSED
EVID-PROD-27-OutputVoltage,PROD-27,Output Voltage,48,DOC-PROD-27,2,Tech Specs,Table 1,Output Voltage: 48 V,Text,"x=120,y=350,w=280,h=45",98,PASSED
EVID-PROD-27-OutputCurrent,PROD-27,Output Current,107,DOC-PROD-27,2,Tech Specs,Table 1,Output Current: 107 A,Text,"x=120,y=350,w=280,h=45",98,PASSED
EVID-PROD-28-InputVoltage,PROD-28,Input Voltage,352,DOC-PROD-28,2,Tech Specs,Table 1,Input Voltage: 352 V,Text,"x=120,y=350,w=280,h=45",98,PASSED
EVID-PROD-28-OutputVoltage,PROD-28,Output Voltage,23,DOC-PROD-28,2,Tech Specs,Table 1,Output Voltage: 23 V,Text,"x=120,y=350,w=280,h=45",98,PASSED
EVID-PROD-28-OutputCurrent,PROD-28,Output Current,237,DOC-PROD-28,2,Tech Specs,Table 1,Output Current: 237 A,Text,"x=120,y=350,w=280,h=45",98,PASSED
EVID-PROD-29-RatedVoltage,PROD-29,Rated Voltage,132,DOC-PROD-29,2,Tech Specs,Table 1,Rated Voltage: 132 V,Text,"x=120,y=350,w=280,h=45",98,PASSED
EVID-PROD-29-RatedCurrent,PROD-29,Rated Current,100,DOC-PROD-29,2,Tech Specs,Table 1,Rated Current: 100 A,Text,"x=120,y=350,w=280,h=45",98,PASSED
EVID-PROD-29-BreakingCapacity,PROD-29,Breaking Capacity,408,DOC-PROD-29,2,Tech Specs,Table 1,Breaking Capacity: 408 kA,Text,"x=120,y=350,w=280,h=45",98,PASSED
EVID-PROD-29-Poles,PROD-29,Poles,428,DOC-PROD-29,2,Tech Specs,Table 1,Poles: 428 Count,Text,"x=120,y=350,w=280,h=45",98,PASSED
EVID-PROD-29-Weight,PROD-29,Weight,134,DOC-PROD-29,2,Tech Specs,Table 1,Weight: 134 kg,Text,"x=120,y=350,w=280,h=45",98,PASSED
EVID-PROD-30-RatedVoltage,PROD-30,Rated Voltage,38,DOC-PROD-30,2,Tech Specs,Table 1,Rated Voltage: 38 V,Text,"x=120,y=350,w=280,h=45",98,PASSED
EVID-PROD-30-RatedCurrent,PROD-30,Rated Current,164,DOC-PROD-30,2,Tech Specs,Table 1,Rated Current: 164 A,Text,"x=120,y=350,w=280,h=45",98,PASSED
EVID-PROD-30-BreakingCapacity,PROD-30,Breaking Capacity,454,DOC-PROD-30,2,Tech Specs,Table 1,Breaking Capacity: 454 kA,Text,"x=120,y=350,w=280,h=45",98,PASSED
EVID-PROD-30-Poles,PROD-30,Poles,288,DOC-PROD-30,2,Tech Specs,Table 1,Poles: 288 Count,Text,"x=120,y=350,w=280,h=45",98,PASSED
EVID-PROD-30-Weight,PROD-30,Weight,206,DOC-PROD-30,2,Tech Specs,Table 1,Weight: 206 kg,Text,"x=120,y=350,w=280,h=45",98,PASSED
